queue_name,queue_slug,scenario_id,replication,time,num_in_system,num_in_queue,busy_servers
Fila M/G/1/∞/∞/∞/FCFS,mg1_buffer_infinito_fcfs,base,0,100.0,3,2,1
Fila M/G/1/∞/∞/∞/FCFS,mg1_buffer_infinito_fcfs,base,0,101.0,5,4,1
Fila M/G/1/∞/∞/∞/FCFS,mg1_buffer_infinito_fcfs,base,0,102.0,0,0,0
Fila M/G/1/∞/∞/∞/FCFS,mg1_buffer_infinito_fcfs,base,0,103.0,8,7,1
Fila M/G/1/∞/∞/∞/FCFS,mg1_buffer_infinito_fcfs,base,0,104.0,19,18,1
Fila M/G/1/∞/∞/∞/FCFS,mg1_buffer_infinito_fcfs,base,0,105.0,13,12,1
Fila M/G/1/∞/∞/∞/FCFS,mg1_buffer_infinito_fcfs,base,0,106.0,3,2,1
Fila M/G/1/∞/∞/∞/FCFS,mg1_buffer_infinito_fcfs,base,0,107.0,3,2,1
Fila M/G/1/∞/∞/∞/FCFS,mg1_buffer_infinito_fcfs,base,0,108.0,11,10,1
Fila M/G/1/∞/∞/∞/FCFS,mg1_buffer_infinito_fcfs,base,0,109.0,16,15,1
Fila M/G/1/∞/∞/∞/FCFS,mg1_buffer_infinito_fcfs,base,0,110.0,8,7,1
Fila M/G/1/∞/∞/∞/FCFS,mg1_buffer_infinito_fcfs,base,0,111.0,1,0,1
Fila M/G/1/∞/∞/∞/FCFS,mg1_buffer_infinito_fcfs,base,0,112.0,7,6,1
Fila M/G/1/∞/∞/∞/FCFS,mg1_buffer_infinito_fcfs,base,0,113.0,0,0,0
Fila M/G/1/∞/∞/∞/FCFS,mg1_buffer_infinito_fcfs,base,0,114.0,6,5,1
Fila M/G/1/∞/∞/∞/FCFS,mg1_buffer_infinito_fcfs,base,0,115.0,5,4,1
Fila M/G/1/∞/∞/∞/FCFS,mg1_buffer_infinito_fcfs,base,0,116.0,18,17,1
Fila M/G/1/∞/∞/∞/FCFS,mg1_buffer_infinito_fcfs,base,0,117.0,4,3,1
Fila M/G/1/∞/∞/∞/FCFS,mg1_buffer_infinito_fcfs,base,0,118.0,0,0,0
Fila M/G/1/∞/∞/∞/FCFS,mg1_buffer_infinito_fcfs,base,0,119.0,6,5,1
Fila M/G/1/∞/∞/∞/FCFS,mg1_buffer_infinito_fcfs,base,0,120.0,0,0,0
Fila M/G/1/∞/∞/∞/FCFS,mg1_buffer_infinito_fcfs,base,0,121.0,0,0,0
Fila M/G/1/∞/∞/∞/FCFS,mg1_buffer_infinito_fcfs,base,0,122.0,6,5,1
Fila M/G/1/∞/∞/∞/FCFS,mg1_buffer_infinito_fcfs,base,0,123.0,5,4,1
Fila M/G/1/∞/∞/∞/FCFS,mg1_buffer_infinito_fcfs,base,0,124.0,8,7,1
Fila M/G/1/∞/∞/∞/FCFS,mg1_buffer_infinito_fcfs,base,0,125.0,13,12,1
Fila M/G/1/∞/∞/∞/FCFS,mg1_buffer_infinito_fcfs,base,0,126.0,3,2,1
Fila M/G/1/∞/∞/∞/FCFS,mg1_buffer_infinito_fcfs,base,0,127.0,4,3,1
Fila M/G/1/∞/∞/∞/FCFS,mg1_buffer_infinito_fcfs,base,0,128.0,0,0,0
Fila M/G/1/∞/∞/∞/FCFS,mg1_buffer_infinito_fcfs,base,0,129.0,1,0,1
Fila M/G/1/∞/∞/∞/FCFS,mg1_buffer_infinito_fcfs,base,0,130.0,0,0,0
Fila M/G/1/∞/∞/∞/FCFS,mg1_buffer_infinito_fcfs,base,0,131.0,0,0,0
Fila M/G/1/∞/∞/∞/FCFS,mg1_buffer_infinito_fcfs,base,0,132.0,0,0,0
Fila M/G/1/∞/∞/∞/FCFS,mg1_buffer_infinito_fcfs,base,0,133.0,6,5,1
Fila M/G/1/∞/∞/∞/FCFS,mg1_buffer_infinito_fcfs,base,0,134.0,2,1,1
Fila M/G/1/∞/∞/∞/FCFS,mg1_buffer_infinito_fcfs,base,0,135.0,6,5,1
Fila M/G/1/∞/∞/∞/FCFS,mg1_buffer_infinito_fcfs,base,0,136.0,6,5,1
Fila M/G/1/∞/∞/∞/FCFS,mg1_buffer_infinito_fcfs,base,0,137.0,1,0,1
Fila M/G/1/∞/∞/∞/FCFS,mg1_buffer_infinito_fcfs,base,0,138.0,1,0,1
Fila M/G/1/∞/∞/∞/FCFS,mg1_buffer_infinito_fcfs,base,0,139.0,0,0,0
Fila M/G/1/∞/∞/∞/FCFS,mg1_buffer_infinito_fcfs,base,0,140.0,2,1,1
Fila M/G/1/∞/∞/∞/FCFS,mg1_buffer_infinito_fcfs,base,0,141.0,4,3,1
Fila M/G/1/∞/∞/∞/FCFS,mg1_buffer_infinito_fcfs,base,0,142.0,3,2,1
Fila M/G/1/∞/∞/∞/FCFS,mg1_buffer_infinito_fcfs,base,0,143.0,5,4,1
Fila M/G/1/∞/∞/∞/FCFS,mg1_buffer_infinito_fcfs,base,0,144.0,0,0,0
Fila M/G/1/∞/∞/∞/FCFS,mg1_buffer_infinito_fcfs,base,0,145.0,10,9,1
Fila M/G/1/∞/∞/∞/FCFS,mg1_buffer_infinito_fcfs,base,0,146.0,22,21,1
Fila M/G/1/∞/∞/∞/FCFS,mg1_buffer_infinito_fcfs,base,0,147.0,4,3,1
Fila M/G/1/∞/∞/∞/FCFS,mg1_buffer_infinito_fcfs,base,0,148.0,2,1,1
Fila M/G/1/∞/∞/∞/FCFS,mg1_buffer_infinito_fcfs,base,0,149.0,5,4,1
Fila M/G/1/∞/∞/∞/FCFS,mg1_buffer_infinito_fcfs,base,0,150.0,1,0,1
Fila M/G/1/∞/∞/∞/FCFS,mg1_buffer_infinito_fcfs,base,0,151.0,3,2,1
Fila M/G/1/∞/∞/∞/FCFS,mg1_buffer_infinito_fcfs,base,0,152.0,1,0,1
Fila M/G/1/∞/∞/∞/FCFS,mg1_buffer_infinito_fcfs,base,0,153.0,1,0,1
Fila M/G/1/∞/∞/∞/FCFS,mg1_buffer_infinito_fcfs,base,0,154.0,8,7,1
Fila M/G/1/∞/∞/∞/FCFS,mg1_buffer_infinito_fcfs,base,0,155.0,16,15,1
Fila M/G/1/∞/∞/∞/FCFS,mg1_buffer_infinito_fcfs,base,0,156.0,1,0,1
Fila M/G/1/∞/∞/∞/FCFS,mg1_buffer_infinito_fcfs,base,0,157.0,3,2,1
Fila M/G/1/∞/∞/∞/FCFS,mg1_buffer_infinito_fcfs,base,0,158.0,1,0,1
Fila M/G/1/∞/∞/∞/FCFS,mg1_buffer_infinito_fcfs,base,0,159.0,4,3,1
Fila M/G/1/∞/∞/∞/FCFS,mg1_buffer_infinito_fcfs,base,0,160.0,5,4,1
Fila M/G/1/∞/∞/∞/FCFS,mg1_buffer_infinito_fcfs,base,0,161.0,10,9,1
Fila M/G/1/∞/∞/∞/FCFS,mg1_buffer_infinito_fcfs,base,0,162.0,0,0,0
Fila M/G/1/∞/∞/∞/FCFS,mg1_buffer_infinito_fcfs,base,0,163.0,0,0,0
Fila M/G/1/∞/∞/∞/FCFS,mg1_buffer_infinito_fcfs,base,0,164.0,6,5,1
Fila M/G/1/∞/∞/∞/FCFS,mg1_buffer_infinito_fcfs,base,0,165.0,1,0,1
Fila M/G/1/∞/∞/∞/FCFS,mg1_buffer_infinito_fcfs,base,0,166.0,4,3,1
Fila M/G/1/∞/∞/∞/FCFS,mg1_buffer_infinito_fcfs,base,0,167.0,6,5,1
Fila M/G/1/∞/∞/∞/FCFS,mg1_buffer_infinito_fcfs,base,0,168.0,0,0,0
Fila M/G/1/∞/∞/∞/FCFS,mg1_buffer_infinito_fcfs,base,0,169.0,0,0,0
Fila M/G/1/∞/∞/∞/FCFS,mg1_buffer_infinito_fcfs,base,0,170.0,0,0,0
Fila M/G/1/∞/∞/∞/FCFS,mg1_buffer_infinito_fcfs,base,0,171.0,9,8,1
Fila M/G/1/∞/∞/∞/FCFS,mg1_buffer_infinito_fcfs,base,0,172.0,0,0,0
Fila M/G/1/∞/∞/∞/FCFS,mg1_buffer_infinito_fcfs,base,0,173.0,0,0,0
Fila M/G/1/∞/∞/∞/FCFS,mg1_buffer_infinito_fcfs,base,0,174.0,11,10,1
Fila M/G/1/∞/∞/∞/FCFS,mg1_buffer_infinito_fcfs,base,0,175.0,6,5,1
Fila M/G/1/∞/∞/∞/FCFS,mg1_buffer_infinito_fcfs,base,0,176.0,1,0,1
Fila M/G/1/∞/∞/∞/FCFS,mg1_buffer_infinito_fcfs,base,0,177.0,14,13,1
Fila M/G/1/∞/∞/∞/FCFS,mg1_buffer_infinito_fcfs,base,0,178.0,1,0,1
Fila M/G/1/∞/∞/∞/FCFS,mg1_buffer_infinito_fcfs,base,0,179.0,0,0,0
Fila M/G/1/∞/∞/∞/FCFS,mg1_buffer_infinito_fcfs,base,0,180.0,3,2,1
Fila M/G/1/∞/∞/∞/FCFS,mg1_buffer_infinito_fcfs,base,0,181.0,0,0,0
Fila M/G/1/∞/∞/∞/FCFS,mg1_buffer_infinito_fcfs,base,0,182.0,4,3,1
Fila M/G/1/∞/∞/∞/FCFS,mg1_buffer_infinito_fcfs,base,0,183.0,4,3,1
Fila M/G/1/∞/∞/∞/FCFS,mg1_buffer_infinito_fcfs,base,0,184.0,3,2,1
Fila M/G/1/∞/∞/∞/FCFS,mg1_buffer_infinito_fcfs,base,0,185.0,25,24,1
Fila M/G/1/∞/∞/∞/FCFS,mg1_buffer_infinito_fcfs,base,0,186.0,9,8,1
Fila M/G/1/∞/∞/∞/FCFS,mg1_buffer_infinito_fcfs,base,0,187.0,1,0,1
Fila M/G/1/∞/∞/∞/FCFS,mg1_buffer_infinito_fcfs,base,0,188.0,5,4,1
Fila M/G/1/∞/∞/∞/FCFS,mg1_buffer_infinito_fcfs,base,0,189.0,1,0,1
Fila M/G/1/∞/∞/∞/FCFS,mg1_buffer_infinito_fcfs,base,0,190.0,4,3,1
Fila M/G/1/∞/∞/∞/FCFS,mg1_buffer_infinito_fcfs,base,0,191.0,12,11,1
Fila M/G/1/∞/∞/∞/FCFS,mg1_buffer_infinito_fcfs,base,0,192.0,3,2,1
Fila M/G/1/∞/∞/∞/FCFS,mg1_buffer_infinito_fcfs,base,0,193.0,1,0,1
Fila M/G/1/∞/∞/∞/FCFS,mg1_buffer_infinito_fcfs,base,0,194.0,8,7,1
Fila M/G/1/∞/∞/∞/FCFS,mg1_buffer_infinito_fcfs,base,0,195.0,0,0,0
Fila M/G/1/∞/∞/∞/FCFS,mg1_buffer_infinito_fcfs,base,0,196.0,1,0,1
Fila M/G/1/∞/∞/∞/FCFS,mg1_buffer_infinito_fcfs,base,0,197.0,1,0,1
Fila M/G/1/∞/∞/∞/FCFS,mg1_buffer_infinito_fcfs,base,0,198.0,3,2,1
Fila M/G/1/∞/∞/∞/FCFS,mg1_buffer_infinito_fcfs,base,0,199.0,2,1,1
Fila M/G/1/∞/∞/∞/FCFS,mg1_buffer_infinito_fcfs,base,0,200.0,0,0,0
Fila M/G/1/∞/∞/∞/FCFS,mg1_buffer_infinito_fcfs,base,0,201.0,0,0,0
Fila M/G/1/∞/∞/∞/FCFS,mg1_buffer_infinito_fcfs,base,0,202.0,0,0,0
Fila M/G/1/∞/∞/∞/FCFS,mg1_buffer_infinito_fcfs,base,0,203.0,0,0,0
Fila M/G/1/∞/∞/∞/FCFS,mg1_buffer_infinito_fcfs,base,0,204.0,6,5,1
Fila M/G/1/∞/∞/∞/FCFS,mg1_buffer_infinito_fcfs,base,0,205.0,4,3,1
Fila M/G/1/∞/∞/∞/FCFS,mg1_buffer_infinito_fcfs,base,0,206.0,2,1,1
Fila M/G/1/∞/∞/∞/FCFS,mg1_buffer_infinito_fcfs,base,0,207.0,1,0,1
Fila M/G/1/∞/∞/∞/FCFS,mg1_buffer_infinito_fcfs,base,0,208.0,1,0,1
Fila M/G/1/∞/∞/∞/FCFS,mg1_buffer_infinito_fcfs,base,0,209.0,3,2,1
Fila M/G/1/∞/∞/∞/FCFS,mg1_buffer_infinito_fcfs,base,0,210.0,37,36,1
Fila M/G/1/∞/∞/∞/FCFS,mg1_buffer_infinito_fcfs,base,0,211.0,18,17,1
Fila M/G/1/∞/∞/∞/FCFS,mg1_buffer_infinito_fcfs,base,0,212.0,2,1,1
Fila M/G/1/∞/∞/∞/FCFS,mg1_buffer_infinito_fcfs,base,0,213.0,5,4,1
Fila M/G/1/∞/∞/∞/FCFS,mg1_buffer_infinito_fcfs,base,0,214.0,6,5,1
Fila M/G/1/∞/∞/∞/FCFS,mg1_buffer_infinito_fcfs,base,0,215.0,0,0,0
Fila M/G/1/∞/∞/∞/FCFS,mg1_buffer_infinito_fcfs,base,0,216.0,8,7,1
Fila M/G/1/∞/∞/∞/FCFS,mg1_buffer_infinito_fcfs,base,0,217.0,2,1,1
Fila M/G/1/∞/∞/∞/FCFS,mg1_buffer_infinito_fcfs,base,0,218.0,6,5,1
Fila M/G/1/∞/∞/∞/FCFS,mg1_buffer_infinito_fcfs,base,0,219.0,3,2,1
Fila M/G/1/∞/∞/∞/FCFS,mg1_buffer_infinito_fcfs,base,0,220.0,5,4,1
Fila M/G/1/∞/∞/∞/FCFS,mg1_buffer_infinito_fcfs,base,0,221.0,3,2,1
Fila M/G/1/∞/∞/∞/FCFS,mg1_buffer_infinito_fcfs,base,0,222.0,3,2,1
Fila M/G/1/∞/∞/∞/FCFS,mg1_buffer_infinito_fcfs,base,0,223.0,2,1,1
Fila M/G/1/∞/∞/∞/FCFS,mg1_buffer_infinito_fcfs,base,0,224.0,0,0,0
Fila M/G/1/∞/∞/∞/FCFS,mg1_buffer_infinito_fcfs,base,0,225.0,1,0,1
Fila M/G/1/∞/∞/∞/FCFS,mg1_buffer_infinito_fcfs,base,0,226.0,8,7,1
Fila M/G/1/∞/∞/∞/FCFS,mg1_buffer_infinito_fcfs,base,0,227.0,0,0,0
Fila M/G/1/∞/∞/∞/FCFS,mg1_buffer_infinito_fcfs,base,0,228.0,6,5,1
Fila M/G/1/∞/∞/∞/FCFS,mg1_buffer_infinito_fcfs,base,0,229.0,4,3,1
Fila M/G/1/∞/∞/∞/FCFS,mg1_buffer_infinito_fcfs,base,0,230.0,4,3,1
Fila M/G/1/∞/∞/∞/FCFS,mg1_buffer_infinito_fcfs,base,0,231.0,5,4,1
Fila M/G/1/∞/∞/∞/FCFS,mg1_buffer_infinito_fcfs,base,0,232.0,0,0,0
Fila M/G/1/∞/∞/∞/FCFS,mg1_buffer_infinito_fcfs,base,0,233.0,5,4,1
Fila M/G/1/∞/∞/∞/FCFS,mg1_buffer_infinito_fcfs,base,0,234.0,8,7,1
Fila M/G/1/∞/∞/∞/FCFS,mg1_buffer_infinito_fcfs,base,0,235.0,2,1,1
Fila M/G/1/∞/∞/∞/FCFS,mg1_buffer_infinito_fcfs,base,0,236.0,7,6,1
Fila M/G/1/∞/∞/∞/FCFS,mg1_buffer_infinito_fcfs,base,0,237.0,0,0,0
Fila M/G/1/∞/∞/∞/FCFS,mg1_buffer_infinito_fcfs,base,0,238.0,23,22,1
Fila M/G/1/∞/∞/∞/FCFS,mg1_buffer_infinito_fcfs,base,0,239.0,1,0,1
Fila M/G/1/∞/∞/∞/FCFS,mg1_buffer_infinito_fcfs,base,0,240.0,10,9,1
Fila M/G/1/∞/∞/∞/FCFS,mg1_buffer_infinito_fcfs,base,0,241.0,2,1,1
Fila M/G/1/∞/∞/∞/FCFS,mg1_buffer_infinito_fcfs,base,0,242.0,3,2,1
Fila M/G/1/∞/∞/∞/FCFS,mg1_buffer_infinito_fcfs,base,0,243.0,2,1,1
Fila M/G/1/∞/∞/∞/FCFS,mg1_buffer_infinito_fcfs,base,0,244.0,3,2,1
Fila M/G/1/∞/∞/∞/FCFS,mg1_buffer_infinito_fcfs,base,0,245.0,16,15,1
Fila M/G/1/∞/∞/∞/FCFS,mg1_buffer_infinito_fcfs,base,0,246.0,0,0,0
Fila M/G/1/∞/∞/∞/FCFS,mg1_buffer_infinito_fcfs,base,0,247.0,1,0,1
Fila M/G/1/∞/∞/∞/FCFS,mg1_buffer_infinito_fcfs,base,0,248.0,4,3,1
Fila M/G/1/∞/∞/∞/FCFS,mg1_buffer_infinito_fcfs,base,0,249.0,6,5,1
Fila M/G/1/∞/∞/∞/FCFS,mg1_buffer_infinito_fcfs,base,0,250.0,0,0,0
Fila M/G/1/∞/∞/∞/FCFS,mg1_buffer_infinito_fcfs,base,0,251.0,0,0,0
Fila M/G/1/∞/∞/∞/FCFS,mg1_buffer_infinito_fcfs,base,0,252.0,1,0,1
Fila M/G/1/∞/∞/∞/FCFS,mg1_buffer_infinito_fcfs,base,0,253.0,0,0,0
Fila M/G/1/∞/∞/∞/FCFS,mg1_buffer_infinito_fcfs,base,0,254.0,6,5,1
Fila M/G/1/∞/∞/∞/FCFS,mg1_buffer_infinito_fcfs,base,0,255.0,0,0,0
Fila M/G/1/∞/∞/∞/FCFS,mg1_buffer_infinito_fcfs,base,0,256.0,2,1,1
Fila M/G/1/∞/∞/∞/FCFS,mg1_buffer_infinito_fcfs,base,0,257.0,0,0,0
Fila M/G/1/∞/∞/∞/FCFS,mg1_buffer_infinito_fcfs,base,0,258.0,6,5,1
Fila M/G/1/∞/∞/∞/FCFS,mg1_buffer_infinito_fcfs,base,0,259.0,5,4,1
Fila M/G/1/∞/∞/∞/FCFS,mg1_buffer_infinito_fcfs,base,0,260.0,0,0,0
Fila M/G/1/∞/∞/∞/FCFS,mg1_buffer_infinito_fcfs,base,0,261.0,4,3,1
Fila M/G/1/∞/∞/∞/FCFS,mg1_buffer_infinito_fcfs,base,0,262.0,2,1,1
Fila M/G/1/∞/∞/∞/FCFS,mg1_buffer_infinito_fcfs,base,0,263.0,2,1,1
Fila M/G/1/∞/∞/∞/FCFS,mg1_buffer_infinito_fcfs,base,0,264.0,0,0,0
Fila M/G/1/∞/∞/∞/FCFS,mg1_buffer_infinito_fcfs,base,0,265.0,0,0,0
Fila M/G/1/∞/∞/∞/FCFS,mg1_buffer_infinito_fcfs,base,0,266.0,3,2,1
Fila M/G/1/∞/∞/∞/FCFS,mg1_buffer_infinito_fcfs,base,0,267.0,0,0,0
Fila M/G/1/∞/∞/∞/FCFS,mg1_buffer_infinito_fcfs,base,0,268.0,5,4,1
Fila M/G/1/∞/∞/∞/FCFS,mg1_buffer_infinito_fcfs,base,0,269.0,2,1,1
Fila M/G/1/∞/∞/∞/FCFS,mg1_buffer_infinito_fcfs,base,0,270.0,0,0,0
Fila M/G/1/∞/∞/∞/FCFS,mg1_buffer_infinito_fcfs,base,0,271.0,7,6,1
Fila M/G/1/∞/∞/∞/FCFS,mg1_buffer_infinito_fcfs,base,0,272.0,1,0,1
Fila M/G/1/∞/∞/∞/FCFS,mg1_buffer_infinito_fcfs,base,0,273.0,2,1,1
Fila M/G/1/∞/∞/∞/FCFS,mg1_buffer_infinito_fcfs,base,0,274.0,1,0,1
Fila M/G/1/∞/∞/∞/FCFS,mg1_buffer_infinito_fcfs,base,0,275.0,1,0,1
Fila M/G/1/∞/∞/∞/FCFS,mg1_buffer_infinito_fcfs,base,0,276.0,0,0,0
Fila M/G/1/∞/∞/∞/FCFS,mg1_buffer_infinito_fcfs,base,0,277.0,11,10,1
Fila M/G/1/∞/∞/∞/FCFS,mg1_buffer_infinito_fcfs,base,0,278.0,1,0,1
Fila M/G/1/∞/∞/∞/FCFS,mg1_buffer_infinito_fcfs,base,0,279.0,2,1,1
Fila M/G/1/∞/∞/∞/FCFS,mg1_buffer_infinito_fcfs,base,0,280.0,18,17,1
Fila M/G/1/∞/∞/∞/FCFS,mg1_buffer_infinito_fcfs,base,0,281.0,1,0,1
Fila M/G/1/∞/∞/∞/FCFS,mg1_buffer_infinito_fcfs,base,0,282.0,8,7,1
Fila M/G/1/∞/∞/∞/FCFS,mg1_buffer_infinito_fcfs,base,0,283.0,4,3,1
Fila M/G/1/∞/∞/∞/FCFS,mg1_buffer_infinito_fcfs,base,0,284.0,2,1,1
Fila M/G/1/∞/∞/∞/FCFS,mg1_buffer_infinito_fcfs,base,0,285.0,5,4,1
Fila M/G/1/∞/∞/∞/FCFS,mg1_buffer_infinito_fcfs,base,0,286.0,8,7,1
Fila M/G/1/∞/∞/∞/FCFS,mg1_buffer_infinito_fcfs,base,0,287.0,9,8,1
Fila M/G/1/∞/∞/∞/FCFS,mg1_buffer_infinito_fcfs,base,0,288.0,2,1,1
Fila M/G/1/∞/∞/∞/FCFS,mg1_buffer_infinito_fcfs,base,0,289.0,7,6,1
Fila M/G/1/∞/∞/∞/FCFS,mg1_buffer_infinito_fcfs,base,0,290.0,2,1,1
Fila M/G/1/∞/∞/∞/FCFS,mg1_buffer_infinito_fcfs,base,0,291.0,1,0,1
Fila M/G/1/∞/∞/∞/FCFS,mg1_buffer_infinito_fcfs,base,0,292.0,0,0,0
Fila M/G/1/∞/∞/∞/FCFS,mg1_buffer_infinito_fcfs,base,0,293.0,0,0,0
Fila M/G/1/∞/∞/∞/FCFS,mg1_buffer_infinito_fcfs,base,0,294.0,9,8,1
Fila M/G/1/∞/∞/∞/FCFS,mg1_buffer_infinito_fcfs,base,0,295.0,0,0,0
Fila M/G/1/∞/∞/∞/FCFS,mg1_buffer_infinito_fcfs,base,0,296.0,7,6,1
Fila M/G/1/∞/∞/∞/FCFS,mg1_buffer_infinito_fcfs,base,0,297.0,3,2,1
Fila M/G/1/∞/∞/∞/FCFS,mg1_buffer_infinito_fcfs,base,0,298.0,0,0,0
Fila M/G/1/∞/∞/∞/FCFS,mg1_buffer_infinito_fcfs,base,0,299.0,6,5,1
Fila M/G/1/∞/∞/∞/FCFS,mg1_buffer_infinito_fcfs,base,0,300.0,7,6,1
Fila M/G/1/∞/∞/∞/FCFS,mg1_buffer_infinito_fcfs,base,0,301.0,0,0,0
Fila M/G/1/∞/∞/∞/FCFS,mg1_buffer_infinito_fcfs,base,0,302.0,3,2,1
Fila M/G/1/∞/∞/∞/FCFS,mg1_buffer_infinito_fcfs,base,0,303.0,3,2,1
Fila M/G/1/∞/∞/∞/FCFS,mg1_buffer_infinito_fcfs,base,0,304.0,1,0,1
Fila M/G/1/∞/∞/∞/FCFS,mg1_buffer_infinito_fcfs,base,0,305.0,2,1,1
Fila M/G/1/∞/∞/∞/FCFS,mg1_buffer_infinito_fcfs,base,0,306.0,3,2,1
Fila M/G/1/∞/∞/∞/FCFS,mg1_buffer_infinito_fcfs,base,0,307.0,6,5,1
Fila M/G/1/∞/∞/∞/FCFS,mg1_buffer_infinito_fcfs,base,0,308.0,3,2,1
Fila M/G/1/∞/∞/∞/FCFS,mg1_buffer_infinito_fcfs,base,0,309.0,1,0,1
Fila M/G/1/∞/∞/∞/FCFS,mg1_buffer_infinito_fcfs,base,0,310.0,0,0,0
Fila M/G/1/∞/∞/∞/FCFS,mg1_buffer_infinito_fcfs,base,0,311.0,2,1,1
Fila M/G/1/∞/∞/∞/FCFS,mg1_buffer_infinito_fcfs,base,0,312.0,0,0,0
Fila M/G/1/∞/∞/∞/FCFS,mg1_buffer_infinito_fcfs,base,0,313.0,4,3,1
Fila M/G/1/∞/∞/∞/FCFS,mg1_buffer_infinito_fcfs,base,0,314.0,5,4,1
Fila M/G/1/∞/∞/∞/FCFS,mg1_buffer_infinito_fcfs,base,0,315.0,0,0,0
Fila M/G/1/∞/∞/∞/FCFS,mg1_buffer_infinito_fcfs,base,0,316.0,6,5,1
Fila M/G/1/∞/∞/∞/FCFS,mg1_buffer_infinito_fcfs,base,0,317.0,4,3,1
Fila M/G/1/∞/∞/∞/FCFS,mg1_buffer_infinito_fcfs,base,0,318.0,4,3,1
Fila M/G/1/∞/∞/∞/FCFS,mg1_buffer_infinito_fcfs,base,0,319.0,1,0,1
Fila M/G/1/∞/∞/∞/FCFS,mg1_buffer_infinito_fcfs,base,0,320.0,0,0,0
Fila M/G/1/∞/∞/∞/FCFS,mg1_buffer_infinito_fcfs,base,0,321.0,1,0,1
Fila M/G/1/∞/∞/∞/FCFS,mg1_buffer_infinito_fcfs,base,0,322.0,8,7,1
Fila M/G/1/∞/∞/∞/FCFS,mg1_buffer_infinito_fcfs,base,0,323.0,11,10,1
Fila M/G/1/∞/∞/∞/FCFS,mg1_buffer_infinito_fcfs,base,0,324.0,8,7,1
Fila M/G/1/∞/∞/∞/FCFS,mg1_buffer_infinito_fcfs,base,0,325.0,0,0,0
Fila M/G/1/∞/∞/∞/FCFS,mg1_buffer_infinito_fcfs,base,0,326.0,2,1,1
Fila M/G/1/∞/∞/∞/FCFS,mg1_buffer_infinito_fcfs,base,0,327.0,1,0,1
Fila M/G/1/∞/∞/∞/FCFS,mg1_buffer_infinito_fcfs,base,0,328.0,12,11,1
Fila M/G/1/∞/∞/∞/FCFS,mg1_buffer_infinito_fcfs,base,0,329.0,14,13,1
Fila M/G/1/∞/∞/∞/FCFS,mg1_buffer_infinito_fcfs,base,0,330.0,2,1,1
Fila M/G/1/∞/∞/∞/FCFS,mg1_buffer_infinito_fcfs,base,0,331.0,1,0,1
Fila M/G/1/∞/∞/∞/FCFS,mg1_buffer_infinito_fcfs,base,0,332.0,0,0,0
Fila M/G/1/∞/∞/∞/FCFS,mg1_buffer_infinito_fcfs,base,0,333.0,7,6,1
Fila M/G/1/∞/∞/∞/FCFS,mg1_buffer_infinito_fcfs,base,0,334.0,4,3,1
Fila M/G/1/∞/∞/∞/FCFS,mg1_buffer_infinito_fcfs,base,0,335.0,5,4,1
Fila M/G/1/∞/∞/∞/FCFS,mg1_buffer_infinito_fcfs,base,0,336.0,2,1,1
Fila M/G/1/∞/∞/∞/FCFS,mg1_buffer_infinito_fcfs,base,0,337.0,7,6,1
Fila M/G/1/∞/∞/∞/FCFS,mg1_buffer_infinito_fcfs,base,0,338.0,2,1,1
Fila M/G/1/∞/∞/∞/FCFS,mg1_buffer_infinito_fcfs,base,0,339.0,9,8,1
Fila M/G/1/∞/∞/∞/FCFS,mg1_buffer_infinito_fcfs,base,0,340.0,2,1,1
Fila M/G/1/∞/∞/∞/FCFS,mg1_buffer_infinito_fcfs,base,0,341.0,1,0,1
Fila M/G/1/∞/∞/∞/FCFS,mg1_buffer_infinito_fcfs,base,0,342.0,5,4,1
Fila M/G/1/∞/∞/∞/FCFS,mg1_buffer_infinito_fcfs,base,0,343.0,7,6,1
Fila M/G/1/∞/∞/∞/FCFS,mg1_buffer_infinito_fcfs,base,0,344.0,0,0,0
Fila M/G/1/∞/∞/∞/FCFS,mg1_buffer_infinito_fcfs,base,0,345.0,6,5,1
Fila M/G/1/∞/∞/∞/FCFS,mg1_buffer_infinito_fcfs,base,0,346.0,0,0,0
Fila M/G/1/∞/∞/∞/FCFS,mg1_buffer_infinito_fcfs,base,0,347.0,0,0,0
Fila M/G/1/∞/∞/∞/FCFS,mg1_buffer_infinito_fcfs,base,0,348.0,3,2,1
Fila M/G/1/∞/∞/∞/FCFS,mg1_buffer_infinito_fcfs,base,0,349.0,1,0,1
Fila M/G/1/∞/∞/∞/FCFS,mg1_buffer_infinito_fcfs,base,0,350.0,6,5,1
Fila M/G/1/∞/∞/∞/FCFS,mg1_buffer_infinito_fcfs,base,0,351.0,2,1,1
Fila M/G/1/∞/∞/∞/FCFS,mg1_buffer_infinito_fcfs,base,0,352.0,7,6,1
Fila M/G/1/∞/∞/∞/FCFS,mg1_buffer_infinito_fcfs,base,0,353.0,2,1,1
Fila M/G/1/∞/∞/∞/FCFS,mg1_buffer_infinito_fcfs,base,0,354.0,5,4,1
Fila M/G/1/∞/∞/∞/FCFS,mg1_buffer_infinito_fcfs,base,0,355.0,13,12,1
Fila M/G/1/∞/∞/∞/FCFS,mg1_buffer_infinito_fcfs,base,0,356.0,0,0,0
Fila M/G/1/∞/∞/∞/FCFS,mg1_buffer_infinito_fcfs,base,0,357.0,1,0,1
Fila M/G/1/∞/∞/∞/FCFS,mg1_buffer_infinito_fcfs,base,0,358.0,3,2,1
Fila M/G/1/∞/∞/∞/FCFS,mg1_buffer_infinito_fcfs,base,0,359.0,0,0,0
Fila M/G/1/∞/∞/∞/FCFS,mg1_buffer_infinito_fcfs,base,0,360.0,1,0,1
Fila M/G/1/∞/∞/∞/FCFS,mg1_buffer_infinito_fcfs,base,0,361.0,1,0,1
Fila M/G/1/∞/∞/∞/FCFS,mg1_buffer_infinito_fcfs,base,0,362.0,13,12,1
Fila M/G/1/∞/∞/∞/FCFS,mg1_buffer_infinito_fcfs,base,0,363.0,8,7,1
Fila M/G/1/∞/∞/∞/FCFS,mg1_buffer_infinito_fcfs,base,0,364.0,7,6,1
Fila M/G/1/∞/∞/∞/FCFS,mg1_buffer_infinito_fcfs,base,0,365.0,12,11,1
Fila M/G/1/∞/∞/∞/FCFS,mg1_buffer_infinito_fcfs,base,0,366.0,1,0,1
Fila M/G/1/∞/∞/∞/FCFS,mg1_buffer_infinito_fcfs,base,0,367.0,1,0,1
Fila M/G/1/∞/∞/∞/FCFS,mg1_buffer_infinito_fcfs,base,0,368.0,0,0,0
Fila M/G/1/∞/∞/∞/FCFS,mg1_buffer_infinito_fcfs,base,0,369.0,0,0,0
Fila M/G/1/∞/∞/∞/FCFS,mg1_buffer_infinito_fcfs,base,0,370.0,6,5,1
Fila M/G/1/∞/∞/∞/FCFS,mg1_buffer_infinito_fcfs,base,0,371.0,6,5,1
Fila M/G/1/∞/∞/∞/FCFS,mg1_buffer_infinito_fcfs,base,0,372.0,0,0,0
Fila M/G/1/∞/∞/∞/FCFS,mg1_buffer_infinito_fcfs,base,0,373.0,9,8,1
Fila M/G/1/∞/∞/∞/FCFS,mg1_buffer_infinito_fcfs,base,0,374.0,7,6,1
Fila M/G/1/∞/∞/∞/FCFS,mg1_buffer_infinito_fcfs,base,0,375.0,0,0,0
Fila M/G/1/∞/∞/∞/FCFS,mg1_buffer_infinito_fcfs,base,0,376.0,8,7,1
Fila M/G/1/∞/∞/∞/FCFS,mg1_buffer_infinito_fcfs,base,0,377.0,0,0,0
Fila M/G/1/∞/∞/∞/FCFS,mg1_buffer_infinito_fcfs,base,0,378.0,0,0,0
Fila M/G/1/∞/∞/∞/FCFS,mg1_buffer_infinito_fcfs,base,0,379.0,1,0,1
Fila M/G/1/∞/∞/∞/FCFS,mg1_buffer_infinito_fcfs,base,0,380.0,3,2,1
Fila M/G/1/∞/∞/∞/FCFS,mg1_buffer_infinito_fcfs,base,0,381.0,2,1,1
Fila M/G/1/∞/∞/∞/FCFS,mg1_buffer_infinito_fcfs,base,0,382.0,0,0,0
Fila M/G/1/∞/∞/∞/FCFS,mg1_buffer_infinito_fcfs,base,0,383.0,14,13,1
Fila M/G/1/∞/∞/∞/FCFS,mg1_buffer_infinito_fcfs,base,0,384.0,3,2,1
Fila M/G/1/∞/∞/∞/FCFS,mg1_buffer_infinito_fcfs,base,0,385.0,0,0,0
Fila M/G/1/∞/∞/∞/FCFS,mg1_buffer_infinito_fcfs,base,0,386.0,1,0,1
Fila M/G/1/∞/∞/∞/FCFS,mg1_buffer_infinito_fcfs,base,0,387.0,5,4,1
Fila M/G/1/∞/∞/∞/FCFS,mg1_buffer_infinito_fcfs,base,0,388.0,0,0,0
Fila M/G/1/∞/∞/∞/FCFS,mg1_buffer_infinito_fcfs,base,0,389.0,12,11,1
Fila M/G/1/∞/∞/∞/FCFS,mg1_buffer_infinito_fcfs,base,0,390.0,7,6,1
Fila M/G/1/∞/∞/∞/FCFS,mg1_buffer_infinito_fcfs,base,0,391.0,5,4,1
Fila M/G/1/∞/∞/∞/FCFS,mg1_buffer_infinito_fcfs,base,0,392.0,5,4,1
Fila M/G/1/∞/∞/∞/FCFS,mg1_buffer_infinito_fcfs,base,0,393.0,2,1,1
Fila M/G/1/∞/∞/∞/FCFS,mg1_buffer_infinito_fcfs,base,0,394.0,3,2,1
Fila M/G/1/∞/∞/∞/FCFS,mg1_buffer_infinito_fcfs,base,0,395.0,2,1,1
Fila M/G/1/∞/∞/∞/FCFS,mg1_buffer_infinito_fcfs,base,0,396.0,1,0,1
Fila M/G/1/∞/∞/∞/FCFS,mg1_buffer_infinito_fcfs,base,0,397.0,10,9,1
Fila M/G/1/∞/∞/∞/FCFS,mg1_buffer_infinito_fcfs,base,0,398.0,5,4,1
Fila M/G/1/∞/∞/∞/FCFS,mg1_buffer_infinito_fcfs,base,0,399.0,0,0,0
Fila M/G/1/∞/∞/∞/FCFS,mg1_buffer_infinito_fcfs,base,0,400.0,0,0,0
Fila M/G/1/∞/∞/∞/FCFS,mg1_buffer_infinito_fcfs,base,0,401.0,5,4,1
Fila M/G/1/∞/∞/∞/FCFS,mg1_buffer_infinito_fcfs,base,0,402.0,2,1,1
Fila M/G/1/∞/∞/∞/FCFS,mg1_buffer_infinito_fcfs,base,0,403.0,4,3,1
Fila M/G/1/∞/∞/∞/FCFS,mg1_buffer_infinito_fcfs,base,0,404.0,1,0,1
Fila M/G/1/∞/∞/∞/FCFS,mg1_buffer_infinito_fcfs,base,0,405.0,2,1,1
Fila M/G/1/∞/∞/∞/FCFS,mg1_buffer_infinito_fcfs,base,0,406.0,1,0,1
Fila M/G/1/∞/∞/∞/FCFS,mg1_buffer_infinito_fcfs,base,0,407.0,0,0,0
Fila M/G/1/∞/∞/∞/FCFS,mg1_buffer_infinito_fcfs,base,0,408.0,18,17,1
Fila M/G/1/∞/∞/∞/FCFS,mg1_buffer_infinito_fcfs,base,0,409.0,0,0,0
Fila M/G/1/∞/∞/∞/FCFS,mg1_buffer_infinito_fcfs,base,0,410.0,0,0,0
Fila M/G/1/∞/∞/∞/FCFS,mg1_buffer_infinito_fcfs,base,0,411.0,11,10,1
Fila M/G/1/∞/∞/∞/FCFS,mg1_buffer_infinito_fcfs,base,0,412.0,3,2,1
Fila M/G/1/∞/∞/∞/FCFS,mg1_buffer_infinito_fcfs,base,0,413.0,7,6,1
Fila M/G/1/∞/∞/∞/FCFS,mg1_buffer_infinito_fcfs,base,0,414.0,4,3,1
Fila M/G/1/∞/∞/∞/FCFS,mg1_buffer_infinito_fcfs,base,0,415.0,3,2,1
Fila M/G/1/∞/∞/∞/FCFS,mg1_buffer_infinito_fcfs,base,0,416.0,4,3,1
Fila M/G/1/∞/∞/∞/FCFS,mg1_buffer_infinito_fcfs,base,0,417.0,9,8,1
Fila M/G/1/∞/∞/∞/FCFS,mg1_buffer_infinito_fcfs,base,0,418.0,3,2,1
Fila M/G/1/∞/∞/∞/FCFS,mg1_buffer_infinito_fcfs,base,0,419.0,2,1,1
Fila M/G/1/∞/∞/∞/FCFS,mg1_buffer_infinito_fcfs,base,0,420.0,1,0,1
Fila M/G/1/∞/∞/∞/FCFS,mg1_buffer_infinito_fcfs,base,0,421.0,2,1,1
Fila M/G/1/∞/∞/∞/FCFS,mg1_buffer_infinito_fcfs,base,0,422.0,1,0,1
Fila M/G/1/∞/∞/∞/FCFS,mg1_buffer_infinito_fcfs,base,0,423.0,1,0,1
Fila M/G/1/∞/∞/∞/FCFS,mg1_buffer_infinito_fcfs,base,0,424.0,6,5,1
Fila M/G/1/∞/∞/∞/FCFS,mg1_buffer_infinito_fcfs,base,0,425.0,1,0,1
Fila M/G/1/∞/∞/∞/FCFS,mg1_buffer_infinito_fcfs,base,0,426.0,15,14,1
Fila M/G/1/∞/∞/∞/FCFS,mg1_buffer_infinito_fcfs,base,0,427.0,7,6,1
Fila M/G/1/∞/∞/∞/FCFS,mg1_buffer_infinito_fcfs,base,0,428.0,4,3,1
Fila M/G/1/∞/∞/∞/FCFS,mg1_buffer_infinito_fcfs,base,0,429.0,1,0,1
Fila M/G/1/∞/∞/∞/FCFS,mg1_buffer_infinito_fcfs,base,0,430.0,2,1,1
Fila M/G/1/∞/∞/∞/FCFS,mg1_buffer_infinito_fcfs,base,0,431.0,0,0,0
Fila M/G/1/∞/∞/∞/FCFS,mg1_buffer_infinito_fcfs,base,0,432.0,3,2,1
Fila M/G/1/∞/∞/∞/FCFS,mg1_buffer_infinito_fcfs,base,0,433.0,0,0,0
Fila M/G/1/∞/∞/∞/FCFS,mg1_buffer_infinito_fcfs,base,0,434.0,4,3,1
Fila M/G/1/∞/∞/∞/FCFS,mg1_buffer_infinito_fcfs,base,0,435.0,7,6,1
Fila M/G/1/∞/∞/∞/FCFS,mg1_buffer_infinito_fcfs,base,0,436.0,1,0,1
Fila M/G/1/∞/∞/∞/FCFS,mg1_buffer_infinito_fcfs,base,0,437.0,3,2,1
Fila M/G/1/∞/∞/∞/FCFS,mg1_buffer_infinito_fcfs,base,0,438.0,5,4,1
Fila M/G/1/∞/∞/∞/FCFS,mg1_buffer_infinito_fcfs,base,0,439.0,2,1,1
Fila M/G/1/∞/∞/∞/FCFS,mg1_buffer_infinito_fcfs,base,0,440.0,0,0,0
Fila M/G/1/∞/∞/∞/FCFS,mg1_buffer_infinito_fcfs,base,0,441.0,3,2,1
Fila M/G/1/∞/∞/∞/FCFS,mg1_buffer_infinito_fcfs,base,0,442.0,0,0,0
Fila M/G/1/∞/∞/∞/FCFS,mg1_buffer_infinito_fcfs,base,0,443.0,4,3,1
Fila M/G/1/∞/∞/∞/FCFS,mg1_buffer_infinito_fcfs,base,0,444.0,1,0,1
Fila M/G/1/∞/∞/∞/FCFS,mg1_buffer_infinito_fcfs,base,0,445.0,11,10,1
Fila M/G/1/∞/∞/∞/FCFS,mg1_buffer_infinito_fcfs,base,0,446.0,5,4,1
Fila M/G/1/∞/∞/∞/FCFS,mg1_buffer_infinito_fcfs,base,0,447.0,3,2,1
Fila M/G/1/∞/∞/∞/FCFS,mg1_buffer_infinito_fcfs,base,0,448.0,3,2,1
Fila M/G/1/∞/∞/∞/FCFS,mg1_buffer_infinito_fcfs,base,0,449.0,12,11,1
Fila M/G/1/∞/∞/∞/FCFS,mg1_buffer_infinito_fcfs,base,0,450.0,0,0,0
Fila M/G/1/∞/∞/∞/FCFS,mg1_buffer_infinito_fcfs,base,0,451.0,5,4,1
Fila M/G/1/∞/∞/∞/FCFS,mg1_buffer_infinito_fcfs,base,0,452.0,5,4,1
Fila M/G/1/∞/∞/∞/FCFS,mg1_buffer_infinito_fcfs,base,0,453.0,4,3,1
Fila M/G/1/∞/∞/∞/FCFS,mg1_buffer_infinito_fcfs,base,0,454.0,1,0,1
Fila M/G/1/∞/∞/∞/FCFS,mg1_buffer_infinito_fcfs,base,0,455.0,0,0,0
Fila M/G/1/∞/∞/∞/FCFS,mg1_buffer_infinito_fcfs,base,0,456.0,9,8,1
Fila M/G/1/∞/∞/∞/FCFS,mg1_buffer_infinito_fcfs,base,0,457.0,7,6,1
Fila M/G/1/∞/∞/∞/FCFS,mg1_buffer_infinito_fcfs,base,0,458.0,4,3,1
Fila M/G/1/∞/∞/∞/FCFS,mg1_buffer_infinito_fcfs,base,0,459.0,2,1,1
Fila M/G/1/∞/∞/∞/FCFS,mg1_buffer_infinito_fcfs,base,0,460.0,6,5,1
Fila M/G/1/∞/∞/∞/FCFS,mg1_buffer_infinito_fcfs,base,0,461.0,5,4,1
Fila M/G/1/∞/∞/∞/FCFS,mg1_buffer_infinito_fcfs,base,0,462.0,0,0,0
Fila M/G/1/∞/∞/∞/FCFS,mg1_buffer_infinito_fcfs,base,0,463.0,0,0,0
Fila M/G/1/∞/∞/∞/FCFS,mg1_buffer_infinito_fcfs,base,0,464.0,1,0,1
Fila M/G/1/∞/∞/∞/FCFS,mg1_buffer_infinito_fcfs,base,0,465.0,3,2,1
Fila M/G/1/∞/∞/∞/FCFS,mg1_buffer_infinito_fcfs,base,0,466.0,1,0,1
Fila M/G/1/∞/∞/∞/FCFS,mg1_buffer_infinito_fcfs,base,0,467.0,3,2,1
Fila M/G/1/∞/∞/∞/FCFS,mg1_buffer_infinito_fcfs,base,0,468.0,0,0,0
Fila M/G/1/∞/∞/∞/FCFS,mg1_buffer_infinito_fcfs,base,0,469.0,4,3,1
Fila M/G/1/∞/∞/∞/FCFS,mg1_buffer_infinito_fcfs,base,0,470.0,0,0,0
Fila M/G/1/∞/∞/∞/FCFS,mg1_buffer_infinito_fcfs,base,0,471.0,6,5,1
Fila M/G/1/∞/∞/∞/FCFS,mg1_buffer_infinito_fcfs,base,0,472.0,9,8,1
Fila M/G/1/∞/∞/∞/FCFS,mg1_buffer_infinito_fcfs,base,0,473.0,3,2,1
Fila M/G/1/∞/∞/∞/FCFS,mg1_buffer_infinito_fcfs,base,0,474.0,0,0,0
Fila M/G/1/∞/∞/∞/FCFS,mg1_buffer_infinito_fcfs,base,0,475.0,19,18,1
Fila M/G/1/∞/∞/∞/FCFS,mg1_buffer_infinito_fcfs,base,0,476.0,0,0,0
Fila M/G/1/∞/∞/∞/FCFS,mg1_buffer_infinito_fcfs,base,0,477.0,2,1,1
Fila M/G/1/∞/∞/∞/FCFS,mg1_buffer_infinito_fcfs,base,0,478.0,17,16,1
Fila M/G/1/∞/∞/∞/FCFS,mg1_buffer_infinito_fcfs,base,0,479.0,2,1,1
Fila M/G/1/∞/∞/∞/FCFS,mg1_buffer_infinito_fcfs,base,0,480.0,0,0,0
Fila M/G/1/∞/∞/∞/FCFS,mg1_buffer_infinito_fcfs,base,0,481.0,0,0,0
Fila M/G/1/∞/∞/∞/FCFS,mg1_buffer_infinito_fcfs,base,0,482.0,1,0,1
Fila M/G/1/∞/∞/∞/FCFS,mg1_buffer_infinito_fcfs,base,0,483.0,5,4,1
Fila M/G/1/∞/∞/∞/FCFS,mg1_buffer_infinito_fcfs,base,0,484.0,7,6,1
Fila M/G/1/∞/∞/∞/FCFS,mg1_buffer_infinito_fcfs,base,0,485.0,2,1,1
Fila M/G/1/∞/∞/∞/FCFS,mg1_buffer_infinito_fcfs,base,0,486.0,0,0,0
Fila M/G/1/∞/∞/∞/FCFS,mg1_buffer_infinito_fcfs,base,0,487.0,10,9,1
Fila M/G/1/∞/∞/∞/FCFS,mg1_buffer_infinito_fcfs,base,0,488.0,3,2,1
Fila M/G/1/∞/∞/∞/FCFS,mg1_buffer_infinito_fcfs,base,0,489.0,4,3,1
Fila M/G/1/∞/∞/∞/FCFS,mg1_buffer_infinito_fcfs,base,0,490.0,3,2,1
Fila M/G/1/∞/∞/∞/FCFS,mg1_buffer_infinito_fcfs,base,0,491.0,1,0,1
Fila M/G/1/∞/∞/∞/FCFS,mg1_buffer_infinito_fcfs,base,0,492.0,1,0,1
Fila M/G/1/∞/∞/∞/FCFS,mg1_buffer_infinito_fcfs,base,0,493.0,7,6,1
Fila M/G/1/∞/∞/∞/FCFS,mg1_buffer_infinito_fcfs,base,0,494.0,16,15,1
Fila M/G/1/∞/∞/∞/FCFS,mg1_buffer_infinito_fcfs,base,0,495.0,5,4,1
Fila M/G/1/∞/∞/∞/FCFS,mg1_buffer_infinito_fcfs,base,0,496.0,18,17,1
Fila M/G/1/∞/∞/∞/FCFS,mg1_buffer_infinito_fcfs,base,0,497.0,7,6,1
Fila M/G/1/∞/∞/∞/FCFS,mg1_buffer_infinito_fcfs,base,0,498.0,0,0,0
Fila M/G/1/∞/∞/∞/FCFS,mg1_buffer_infinito_fcfs,base,0,499.0,3,2,1
Fila M/G/1/∞/∞/∞/FCFS,mg1_buffer_infinito_fcfs,base,0,500.0,0,0,0
Fila M/G/1/∞/∞/∞/FCFS,mg1_buffer_infinito_fcfs,base,0,501.0,0,0,0
Fila M/G/1/∞/∞/∞/FCFS,mg1_buffer_infinito_fcfs,base,0,502.0,3,2,1
Fila M/G/1/∞/∞/∞/FCFS,mg1_buffer_infinito_fcfs,base,0,503.0,5,4,1
Fila M/G/1/∞/∞/∞/FCFS,mg1_buffer_infinito_fcfs,base,0,504.0,0,0,0
Fila M/G/1/∞/∞/∞/FCFS,mg1_buffer_infinito_fcfs,base,0,505.0,6,5,1
Fila M/G/1/∞/∞/∞/FCFS,mg1_buffer_infinito_fcfs,base,0,506.0,4,3,1
Fila M/G/1/∞/∞/∞/FCFS,mg1_buffer_infinito_fcfs,base,0,507.0,18,17,1
Fila M/G/1/∞/∞/∞/FCFS,mg1_buffer_infinito_fcfs,base,0,508.0,0,0,0
Fila M/G/1/∞/∞/∞/FCFS,mg1_buffer_infinito_fcfs,base,0,509.0,0,0,0
Fila M/G/1/∞/∞/∞/FCFS,mg1_buffer_infinito_fcfs,base,0,510.0,4,3,1
Fila M/G/1/∞/∞/∞/FCFS,mg1_buffer_infinito_fcfs,base,0,511.0,7,6,1
Fila M/G/1/∞/∞/∞/FCFS,mg1_buffer_infinito_fcfs,base,0,512.0,0,0,0
Fila M/G/1/∞/∞/∞/FCFS,mg1_buffer_infinito_fcfs,base,0,513.0,1,0,1
Fila M/G/1/∞/∞/∞/FCFS,mg1_buffer_infinito_fcfs,base,0,514.0,10,9,1
Fila M/G/1/∞/∞/∞/FCFS,mg1_buffer_infinito_fcfs,base,0,515.0,1,0,1
Fila M/G/1/∞/∞/∞/FCFS,mg1_buffer_infinito_fcfs,base,0,516.0,2,1,1
Fila M/G/1/∞/∞/∞/FCFS,mg1_buffer_infinito_fcfs,base,0,517.0,5,4,1
Fila M/G/1/∞/∞/∞/FCFS,mg1_buffer_infinito_fcfs,base,0,518.0,3,2,1
Fila M/G/1/∞/∞/∞/FCFS,mg1_buffer_infinito_fcfs,base,0,519.0,3,2,1
Fila M/G/1/∞/∞/∞/FCFS,mg1_buffer_infinito_fcfs,base,0,520.0,4,3,1
Fila M/G/1/∞/∞/∞/FCFS,mg1_buffer_infinito_fcfs,base,0,521.0,2,1,1
Fila M/G/1/∞/∞/∞/FCFS,mg1_buffer_infinito_fcfs,base,0,522.0,16,15,1
Fila M/G/1/∞/∞/∞/FCFS,mg1_buffer_infinito_fcfs,base,0,523.0,9,8,1
Fila M/G/1/∞/∞/∞/FCFS,mg1_buffer_infinito_fcfs,base,0,524.0,2,1,1
Fila M/G/1/∞/∞/∞/FCFS,mg1_buffer_infinito_fcfs,base,0,525.0,17,16,1
Fila M/G/1/∞/∞/∞/FCFS,mg1_buffer_infinito_fcfs,base,0,526.0,0,0,0
Fila M/G/1/∞/∞/∞/FCFS,mg1_buffer_infinito_fcfs,base,0,527.0,15,14,1
Fila M/G/1/∞/∞/∞/FCFS,mg1_buffer_infinito_fcfs,base,0,528.0,4,3,1
Fila M/G/1/∞/∞/∞/FCFS,mg1_buffer_infinito_fcfs,base,0,529.0,3,2,1
Fila M/G/1/∞/∞/∞/FCFS,mg1_buffer_infinito_fcfs,base,0,530.0,10,9,1
Fila M/G/1/∞/∞/∞/FCFS,mg1_buffer_infinito_fcfs,base,0,531.0,14,13,1
Fila M/G/1/∞/∞/∞/FCFS,mg1_buffer_infinito_fcfs,base,0,532.0,1,0,1
Fila M/G/1/∞/∞/∞/FCFS,mg1_buffer_infinito_fcfs,base,0,533.0,3,2,1
Fila M/G/1/∞/∞/∞/FCFS,mg1_buffer_infinito_fcfs,base,0,534.0,5,4,1
Fila M/G/1/∞/∞/∞/FCFS,mg1_buffer_infinito_fcfs,base,0,535.0,1,0,1
Fila M/G/1/∞/∞/∞/FCFS,mg1_buffer_infinito_fcfs,base,0,536.0,3,2,1
Fila M/G/1/∞/∞/∞/FCFS,mg1_buffer_infinito_fcfs,base,0,537.0,0,0,0
Fila M/G/1/∞/∞/∞/FCFS,mg1_buffer_infinito_fcfs,base,0,538.0,10,9,1
Fila M/G/1/∞/∞/∞/FCFS,mg1_buffer_infinito_fcfs,base,0,539.0,4,3,1
Fila M/G/1/∞/∞/∞/FCFS,mg1_buffer_infinito_fcfs,base,0,540.0,0,0,0
Fila M/G/1/∞/∞/∞/FCFS,mg1_buffer_infinito_fcfs,base,0,541.0,15,14,1
Fila M/G/1/∞/∞/∞/FCFS,mg1_buffer_infinito_fcfs,base,0,542.0,3,2,1
Fila M/G/1/∞/∞/∞/FCFS,mg1_buffer_infinito_fcfs,base,0,543.0,6,5,1
Fila M/G/1/∞/∞/∞/FCFS,mg1_buffer_infinito_fcfs,base,0,544.0,1,0,1
Fila M/G/1/∞/∞/∞/FCFS,mg1_buffer_infinito_fcfs,base,0,545.0,9,8,1
Fila M/G/1/∞/∞/∞/FCFS,mg1_buffer_infinito_fcfs,base,0,546.0,6,5,1
Fila M/G/1/∞/∞/∞/FCFS,mg1_buffer_infinito_fcfs,base,0,547.0,20,19,1
Fila M/G/1/∞/∞/∞/FCFS,mg1_buffer_infinito_fcfs,base,0,548.0,3,2,1
Fila M/G/1/∞/∞/∞/FCFS,mg1_buffer_infinito_fcfs,base,0,549.0,1,0,1
Fila M/G/1/∞/∞/∞/FCFS,mg1_buffer_infinito_fcfs,base,0,550.0,3,2,1
Fila M/G/1/∞/∞/∞/FCFS,mg1_buffer_infinito_fcfs,base,0,551.0,3,2,1
Fila M/G/1/∞/∞/∞/FCFS,mg1_buffer_infinito_fcfs,base,0,552.0,5,4,1
Fila M/G/1/∞/∞/∞/FCFS,mg1_buffer_infinito_fcfs,base,0,553.0,5,4,1
Fila M/G/1/∞/∞/∞/FCFS,mg1_buffer_infinito_fcfs,base,0,554.0,2,1,1
Fila M/G/1/∞/∞/∞/FCFS,mg1_buffer_infinito_fcfs,base,0,555.0,7,6,1
Fila M/G/1/∞/∞/∞/FCFS,mg1_buffer_infinito_fcfs,base,0,556.0,4,3,1
Fila M/G/1/∞/∞/∞/FCFS,mg1_buffer_infinito_fcfs,base,0,557.0,3,2,1
Fila M/G/1/∞/∞/∞/FCFS,mg1_buffer_infinito_fcfs,base,0,558.0,0,0,0
Fila M/G/1/∞/∞/∞/FCFS,mg1_buffer_infinito_fcfs,base,0,559.0,2,1,1
Fila M/G/1/∞/∞/∞/FCFS,mg1_buffer_infinito_fcfs,base,0,560.0,7,6,1
Fila M/G/1/∞/∞/∞/FCFS,mg1_buffer_infinito_fcfs,base,0,561.0,3,2,1
Fila M/G/1/∞/∞/∞/FCFS,mg1_buffer_infinito_fcfs,base,0,562.0,0,0,0
Fila M/G/1/∞/∞/∞/FCFS,mg1_buffer_infinito_fcfs,base,0,563.0,7,6,1
Fila M/G/1/∞/∞/∞/FCFS,mg1_buffer_infinito_fcfs,base,0,564.0,1,0,1
Fila M/G/1/∞/∞/∞/FCFS,mg1_buffer_infinito_fcfs,base,0,565.0,2,1,1
Fila M/G/1/∞/∞/∞/FCFS,mg1_buffer_infinito_fcfs,base,0,566.0,0,0,0
Fila M/G/1/∞/∞/∞/FCFS,mg1_buffer_infinito_fcfs,base,0,567.0,2,1,1
Fila M/G/1/∞/∞/∞/FCFS,mg1_buffer_infinito_fcfs,base,0,568.0,2,1,1
Fila M/G/1/∞/∞/∞/FCFS,mg1_buffer_infinito_fcfs,base,0,569.0,0,0,0
Fila M/G/1/∞/∞/∞/FCFS,mg1_buffer_infinito_fcfs,base,0,570.0,6,5,1
Fila M/G/1/∞/∞/∞/FCFS,mg1_buffer_infinito_fcfs,base,0,571.0,0,0,0
Fila M/G/1/∞/∞/∞/FCFS,mg1_buffer_infinito_fcfs,base,0,572.0,12,11,1
Fila M/G/1/∞/∞/∞/FCFS,mg1_buffer_infinito_fcfs,base,0,573.0,5,4,1
Fila M/G/1/∞/∞/∞/FCFS,mg1_buffer_infinito_fcfs,base,0,574.0,1,0,1
Fila M/G/1/∞/∞/∞/FCFS,mg1_buffer_infinito_fcfs,base,0,575.0,5,4,1
Fila M/G/1/∞/∞/∞/FCFS,mg1_buffer_infinito_fcfs,base,0,576.0,1,0,1
Fila M/G/1/∞/∞/∞/FCFS,mg1_buffer_infinito_fcfs,base,0,577.0,4,3,1
Fila M/G/1/∞/∞/∞/FCFS,mg1_buffer_infinito_fcfs,base,0,578.0,5,4,1
Fila M/G/1/∞/∞/∞/FCFS,mg1_buffer_infinito_fcfs,base,0,579.0,17,16,1
Fila M/G/1/∞/∞/∞/FCFS,mg1_buffer_infinito_fcfs,base,0,580.0,1,0,1
Fila M/G/1/∞/∞/∞/FCFS,mg1_buffer_infinito_fcfs,base,0,581.0,10,9,1
Fila M/G/1/∞/∞/∞/FCFS,mg1_buffer_infinito_fcfs,base,0,582.0,2,1,1
Fila M/G/1/∞/∞/∞/FCFS,mg1_buffer_infinito_fcfs,base,0,583.0,0,0,0
Fila M/G/1/∞/∞/∞/FCFS,mg1_buffer_infinito_fcfs,base,0,584.0,7,6,1
Fila M/G/1/∞/∞/∞/FCFS,mg1_buffer_infinito_fcfs,base,0,585.0,1,0,1
Fila M/G/1/∞/∞/∞/FCFS,mg1_buffer_infinito_fcfs,base,0,586.0,1,0,1
Fila M/G/1/∞/∞/∞/FCFS,mg1_buffer_infinito_fcfs,base,0,587.0,18,17,1
Fila M/G/1/∞/∞/∞/FCFS,mg1_buffer_infinito_fcfs,base,0,588.0,1,0,1
Fila M/G/1/∞/∞/∞/FCFS,mg1_buffer_infinito_fcfs,base,0,589.0,0,0,0
Fila M/G/1/∞/∞/∞/FCFS,mg1_buffer_infinito_fcfs,base,0,590.0,5,4,1
Fila M/G/1/∞/∞/∞/FCFS,mg1_buffer_infinito_fcfs,base,0,591.0,3,2,1
Fila M/G/1/∞/∞/∞/FCFS,mg1_buffer_infinito_fcfs,base,0,592.0,2,1,1
Fila M/G/1/∞/∞/∞/FCFS,mg1_buffer_infinito_fcfs,base,0,593.0,3,2,1
Fila M/G/1/∞/∞/∞/FCFS,mg1_buffer_infinito_fcfs,base,0,594.0,1,0,1
Fila M/G/1/∞/∞/∞/FCFS,mg1_buffer_infinito_fcfs,base,0,595.0,5,4,1
Fila M/G/1/∞/∞/∞/FCFS,mg1_buffer_infinito_fcfs,base,0,596.0,0,0,0
Fila M/G/1/∞/∞/∞/FCFS,mg1_buffer_infinito_fcfs,base,0,597.0,8,7,1
Fila M/G/1/∞/∞/∞/FCFS,mg1_buffer_infinito_fcfs,base,0,598.0,1,0,1
Fila M/G/1/∞/∞/∞/FCFS,mg1_buffer_infinito_fcfs,base,0,599.0,4,3,1
Fila M/G/1/∞/∞/∞/FCFS,mg1_buffer_infinito_fcfs,base,0,600.0,3,2,1
Fila M/G/1/∞/∞/∞/FCFS,mg1_buffer_infinito_fcfs,base,0,601.0,6,5,1
Fila M/G/1/∞/∞/∞/FCFS,mg1_buffer_infinito_fcfs,base,0,602.0,1,0,1
Fila M/G/1/∞/∞/∞/FCFS,mg1_buffer_infinito_fcfs,base,0,603.0,4,3,1
Fila M/G/1/∞/∞/∞/FCFS,mg1_buffer_infinito_fcfs,base,0,604.0,4,3,1
Fila M/G/1/∞/∞/∞/FCFS,mg1_buffer_infinito_fcfs,base,0,605.0,1,0,1
Fila M/G/1/∞/∞/∞/FCFS,mg1_buffer_infinito_fcfs,base,0,606.0,1,0,1
Fila M/G/1/∞/∞/∞/FCFS,mg1_buffer_infinito_fcfs,base,0,607.0,6,5,1
Fila M/G/1/∞/∞/∞/FCFS,mg1_buffer_infinito_fcfs,base,0,608.0,3,2,1
Fila M/G/1/∞/∞/∞/FCFS,mg1_buffer_infinito_fcfs,base,0,609.0,5,4,1
Fila M/G/1/∞/∞/∞/FCFS,mg1_buffer_infinito_fcfs,base,0,610.0,4,3,1
Fila M/G/1/∞/∞/∞/FCFS,mg1_buffer_infinito_fcfs,base,0,611.0,2,1,1
Fila M/G/1/∞/∞/∞/FCFS,mg1_buffer_infinito_fcfs,base,0,612.0,0,0,0
Fila M/G/1/∞/∞/∞/FCFS,mg1_buffer_infinito_fcfs,base,0,613.0,0,0,0
Fila M/G/1/∞/∞/∞/FCFS,mg1_buffer_infinito_fcfs,base,0,614.0,6,5,1
Fila M/G/1/∞/∞/∞/FCFS,mg1_buffer_infinito_fcfs,base,0,615.0,6,5,1
Fila M/G/1/∞/∞/∞/FCFS,mg1_buffer_infinito_fcfs,base,0,616.0,13,12,1
Fila M/G/1/∞/∞/∞/FCFS,mg1_buffer_infinito_fcfs,base,0,617.0,4,3,1
Fila M/G/1/∞/∞/∞/FCFS,mg1_buffer_infinito_fcfs,base,0,618.0,0,0,0
Fila M/G/1/∞/∞/∞/FCFS,mg1_buffer_infinito_fcfs,base,0,619.0,6,5,1
Fila M/G/1/∞/∞/∞/FCFS,mg1_buffer_infinito_fcfs,base,0,620.0,1,0,1
Fila M/G/1/∞/∞/∞/FCFS,mg1_buffer_infinito_fcfs,base,0,621.0,2,1,1
Fila M/G/1/∞/∞/∞/FCFS,mg1_buffer_infinito_fcfs,base,0,622.0,10,9,1
Fila M/G/1/∞/∞/∞/FCFS,mg1_buffer_infinito_fcfs,base,0,623.0,0,0,0
Fila M/G/1/∞/∞/∞/FCFS,mg1_buffer_infinito_fcfs,base,0,624.0,4,3,1
Fila M/G/1/∞/∞/∞/FCFS,mg1_buffer_infinito_fcfs,base,0,625.0,4,3,1
Fila M/G/1/∞/∞/∞/FCFS,mg1_buffer_infinito_fcfs,base,0,626.0,5,4,1
Fila M/G/1/∞/∞/∞/FCFS,mg1_buffer_infinito_fcfs,base,0,627.0,0,0,0
Fila M/G/1/∞/∞/∞/FCFS,mg1_buffer_infinito_fcfs,base,0,628.0,1,0,1
Fila M/G/1/∞/∞/∞/FCFS,mg1_buffer_infinito_fcfs,base,0,629.0,3,2,1
Fila M/G/1/∞/∞/∞/FCFS,mg1_buffer_infinito_fcfs,base,0,630.0,13,12,1
Fila M/G/1/∞/∞/∞/FCFS,mg1_buffer_infinito_fcfs,base,0,631.0,11,10,1
Fila M/G/1/∞/∞/∞/FCFS,mg1_buffer_infinito_fcfs,base,0,632.0,7,6,1
Fila M/G/1/∞/∞/∞/FCFS,mg1_buffer_infinito_fcfs,base,0,633.0,4,3,1
Fila M/G/1/∞/∞/∞/FCFS,mg1_buffer_infinito_fcfs,base,0,634.0,3,2,1
Fila M/G/1/∞/∞/∞/FCFS,mg1_buffer_infinito_fcfs,base,0,635.0,10,9,1
Fila M/G/1/∞/∞/∞/FCFS,mg1_buffer_infinito_fcfs,base,0,636.0,3,2,1
Fila M/G/1/∞/∞/∞/FCFS,mg1_buffer_infinito_fcfs,base,0,637.0,3,2,1
Fila M/G/1/∞/∞/∞/FCFS,mg1_buffer_infinito_fcfs,base,0,638.0,8,7,1
Fila M/G/1/∞/∞/∞/FCFS,mg1_buffer_infinito_fcfs,base,0,639.0,0,0,0
Fila M/G/1/∞/∞/∞/FCFS,mg1_buffer_infinito_fcfs,base,0,640.0,2,1,1
Fila M/G/1/∞/∞/∞/FCFS,mg1_buffer_infinito_fcfs,base,0,641.0,9,8,1
Fila M/G/1/∞/∞/∞/FCFS,mg1_buffer_infinito_fcfs,base,0,642.0,5,4,1
Fila M/G/1/∞/∞/∞/FCFS,mg1_buffer_infinito_fcfs,base,0,643.0,5,4,1
Fila M/G/1/∞/∞/∞/FCFS,mg1_buffer_infinito_fcfs,base,0,644.0,0,0,0
Fila M/G/1/∞/∞/∞/FCFS,mg1_buffer_infinito_fcfs,base,0,645.0,0,0,0
Fila M/G/1/∞/∞/∞/FCFS,mg1_buffer_infinito_fcfs,base,0,646.0,2,1,1
Fila M/G/1/∞/∞/∞/FCFS,mg1_buffer_infinito_fcfs,base,0,647.0,3,2,1
Fila M/G/1/∞/∞/∞/FCFS,mg1_buffer_infinito_fcfs,base,0,648.0,7,6,1
Fila M/G/1/∞/∞/∞/FCFS,mg1_buffer_infinito_fcfs,base,0,649.0,4,3,1
Fila M/G/1/∞/∞/∞/FCFS,mg1_buffer_infinito_fcfs,base,0,650.0,0,0,0
Fila M/G/1/∞/∞/∞/FCFS,mg1_buffer_infinito_fcfs,base,0,651.0,7,6,1
Fila M/G/1/∞/∞/∞/FCFS,mg1_buffer_infinito_fcfs,base,0,652.0,1,0,1
Fila M/G/1/∞/∞/∞/FCFS,mg1_buffer_infinito_fcfs,base,0,653.0,5,4,1
Fila M/G/1/∞/∞/∞/FCFS,mg1_buffer_infinito_fcfs,base,0,654.0,19,18,1
Fila M/G/1/∞/∞/∞/FCFS,mg1_buffer_infinito_fcfs,base,0,655.0,6,5,1
Fila M/G/1/∞/∞/∞/FCFS,mg1_buffer_infinito_fcfs,base,0,656.0,1,0,1
Fila M/G/1/∞/∞/∞/FCFS,mg1_buffer_infinito_fcfs,base,0,657.0,2,1,1
Fila M/G/1/∞/∞/∞/FCFS,mg1_buffer_infinito_fcfs,base,0,658.0,0,0,0
Fila M/G/1/∞/∞/∞/FCFS,mg1_buffer_infinito_fcfs,base,0,659.0,5,4,1
Fila M/G/1/∞/∞/∞/FCFS,mg1_buffer_infinito_fcfs,base,0,660.0,5,4,1
Fila M/G/1/∞/∞/∞/FCFS,mg1_buffer_infinito_fcfs,base,0,661.0,1,0,1
Fila M/G/1/∞/∞/∞/FCFS,mg1_buffer_infinito_fcfs,base,0,662.0,2,1,1
Fila M/G/1/∞/∞/∞/FCFS,mg1_buffer_infinito_fcfs,base,0,663.0,0,0,0
Fila M/G/1/∞/∞/∞/FCFS,mg1_buffer_infinito_fcfs,base,0,664.0,1,0,1
Fila M/G/1/∞/∞/∞/FCFS,mg1_buffer_infinito_fcfs,base,0,665.0,2,1,1
Fila M/G/1/∞/∞/∞/FCFS,mg1_buffer_infinito_fcfs,base,0,666.0,0,0,0
Fila M/G/1/∞/∞/∞/FCFS,mg1_buffer_infinito_fcfs,base,0,667.0,7,6,1
Fila M/G/1/∞/∞/∞/FCFS,mg1_buffer_infinito_fcfs,base,0,668.0,1,0,1
Fila M/G/1/∞/∞/∞/FCFS,mg1_buffer_infinito_fcfs,base,0,669.0,1,0,1
Fila M/G/1/∞/∞/∞/FCFS,mg1_buffer_infinito_fcfs,base,0,670.0,0,0,0
Fila M/G/1/∞/∞/∞/FCFS,mg1_buffer_infinito_fcfs,base,0,671.0,5,4,1
Fila M/G/1/∞/∞/∞/FCFS,mg1_buffer_infinito_fcfs,base,0,672.0,3,2,1
Fila M/G/1/∞/∞/∞/FCFS,mg1_buffer_infinito_fcfs,base,0,673.0,4,3,1
Fila M/G/1/∞/∞/∞/FCFS,mg1_buffer_infinito_fcfs,base,0,674.0,1,0,1
Fila M/G/1/∞/∞/∞/FCFS,mg1_buffer_infinito_fcfs,base,0,675.0,2,1,1
Fila M/G/1/∞/∞/∞/FCFS,mg1_buffer_infinito_fcfs,base,0,676.0,11,10,1
Fila M/G/1/∞/∞/∞/FCFS,mg1_buffer_infinito_fcfs,base,0,677.0,8,7,1
Fila M/G/1/∞/∞/∞/FCFS,mg1_buffer_infinito_fcfs,base,0,678.0,3,2,1
Fila M/G/1/∞/∞/∞/FCFS,mg1_buffer_infinito_fcfs,base,0,679.0,6,5,1
Fila M/G/1/∞/∞/∞/FCFS,mg1_buffer_infinito_fcfs,base,0,680.0,9,8,1
Fila M/G/1/∞/∞/∞/FCFS,mg1_buffer_infinito_fcfs,base,0,681.0,1,0,1
Fila M/G/1/∞/∞/∞/FCFS,mg1_buffer_infinito_fcfs,base,0,682.0,3,2,1
Fila M/G/1/∞/∞/∞/FCFS,mg1_buffer_infinito_fcfs,base,0,683.0,1,0,1
Fila M/G/1/∞/∞/∞/FCFS,mg1_buffer_infinito_fcfs,base,0,684.0,2,1,1
Fila M/G/1/∞/∞/∞/FCFS,mg1_buffer_infinito_fcfs,base,0,685.0,1,0,1
Fila M/G/1/∞/∞/∞/FCFS,mg1_buffer_infinito_fcfs,base,0,686.0,8,7,1
Fila M/G/1/∞/∞/∞/FCFS,mg1_buffer_infinito_fcfs,base,0,687.0,2,1,1
Fila M/G/1/∞/∞/∞/FCFS,mg1_buffer_infinito_fcfs,base,0,688.0,9,8,1
Fila M/G/1/∞/∞/∞/FCFS,mg1_buffer_infinito_fcfs,base,0,689.0,0,0,0
Fila M/G/1/∞/∞/∞/FCFS,mg1_buffer_infinito_fcfs,base,0,690.0,0,0,0
Fila M/G/1/∞/∞/∞/FCFS,mg1_buffer_infinito_fcfs,base,0,691.0,3,2,1
Fila M/G/1/∞/∞/∞/FCFS,mg1_buffer_infinito_fcfs,base,0,692.0,3,2,1
Fila M/G/1/∞/∞/∞/FCFS,mg1_buffer_infinito_fcfs,base,0,693.0,0,0,0
Fila M/G/1/∞/∞/∞/FCFS,mg1_buffer_infinito_fcfs,base,0,694.0,0,0,0
Fila M/G/1/∞/∞/∞/FCFS,mg1_buffer_infinito_fcfs,base,0,695.0,1,0,1
Fila M/G/1/∞/∞/∞/FCFS,mg1_buffer_infinito_fcfs,base,0,696.0,0,0,0
Fila M/G/1/∞/∞/∞/FCFS,mg1_buffer_infinito_fcfs,base,0,697.0,1,0,1
Fila M/G/1/∞/∞/∞/FCFS,mg1_buffer_infinito_fcfs,base,0,698.0,1,0,1
Fila M/G/1/∞/∞/∞/FCFS,mg1_buffer_infinito_fcfs,base,0,699.0,2,1,1
Fila M/G/1/∞/∞/∞/FCFS,mg1_buffer_infinito_fcfs,base,0,700.0,4,3,1
Fila M/G/1/∞/∞/∞/FCFS,mg1_buffer_infinito_fcfs,base,0,701.0,4,3,1
Fila M/G/1/∞/∞/∞/FCFS,mg1_buffer_infinito_fcfs,base,0,702.0,9,8,1
Fila M/G/1/∞/∞/∞/FCFS,mg1_buffer_infinito_fcfs,base,0,703.0,3,2,1
Fila M/G/1/∞/∞/∞/FCFS,mg1_buffer_infinito_fcfs,base,0,704.0,8,7,1
Fila M/G/1/∞/∞/∞/FCFS,mg1_buffer_infinito_fcfs,base,0,705.0,4,3,1
Fila M/G/1/∞/∞/∞/FCFS,mg1_buffer_infinito_fcfs,base,0,706.0,7,6,1
Fila M/G/1/∞/∞/∞/FCFS,mg1_buffer_infinito_fcfs,base,0,707.0,1,0,1
Fila M/G/1/∞/∞/∞/FCFS,mg1_buffer_infinito_fcfs,base,0,708.0,1,0,1
Fila M/G/1/∞/∞/∞/FCFS,mg1_buffer_infinito_fcfs,base,0,709.0,5,4,1
Fila M/G/1/∞/∞/∞/FCFS,mg1_buffer_infinito_fcfs,base,0,710.0,4,3,1
Fila M/G/1/∞/∞/∞/FCFS,mg1_buffer_infinito_fcfs,base,0,711.0,0,0,0
Fila M/G/1/∞/∞/∞/FCFS,mg1_buffer_infinito_fcfs,base,0,712.0,1,0,1
Fila M/G/1/∞/∞/∞/FCFS,mg1_buffer_infinito_fcfs,base,0,713.0,1,0,1
Fila M/G/1/∞/∞/∞/FCFS,mg1_buffer_infinito_fcfs,base,0,714.0,5,4,1
Fila M/G/1/∞/∞/∞/FCFS,mg1_buffer_infinito_fcfs,base,0,715.0,0,0,0
Fila M/G/1/∞/∞/∞/FCFS,mg1_buffer_infinito_fcfs,base,0,716.0,4,3,1
Fila M/G/1/∞/∞/∞/FCFS,mg1_buffer_infinito_fcfs,base,0,717.0,7,6,1
Fila M/G/1/∞/∞/∞/FCFS,mg1_buffer_infinito_fcfs,base,0,718.0,7,6,1
Fila M/G/1/∞/∞/∞/FCFS,mg1_buffer_infinito_fcfs,base,0,719.0,0,0,0
Fila M/G/1/∞/∞/∞/FCFS,mg1_buffer_infinito_fcfs,base,0,720.0,6,5,1
Fila M/G/1/∞/∞/∞/FCFS,mg1_buffer_infinito_fcfs,base,0,721.0,4,3,1
Fila M/G/1/∞/∞/∞/FCFS,mg1_buffer_infinito_fcfs,base,0,722.0,9,8,1
Fila M/G/1/∞/∞/∞/FCFS,mg1_buffer_infinito_fcfs,base,0,723.0,0,0,0
Fila M/G/1/∞/∞/∞/FCFS,mg1_buffer_infinito_fcfs,base,0,724.0,0,0,0
Fila M/G/1/∞/∞/∞/FCFS,mg1_buffer_infinito_fcfs,base,0,725.0,0,0,0
Fila M/G/1/∞/∞/∞/FCFS,mg1_buffer_infinito_fcfs,base,0,726.0,5,4,1
Fila M/G/1/∞/∞/∞/FCFS,mg1_buffer_infinito_fcfs,base,0,727.0,1,0,1
Fila M/G/1/∞/∞/∞/FCFS,mg1_buffer_infinito_fcfs,base,0,728.0,9,8,1
Fila M/G/1/∞/∞/∞/FCFS,mg1_buffer_infinito_fcfs,base,0,729.0,1,0,1
Fila M/G/1/∞/∞/∞/FCFS,mg1_buffer_infinito_fcfs,base,0,730.0,10,9,1
Fila M/G/1/∞/∞/∞/FCFS,mg1_buffer_infinito_fcfs,base,0,731.0,3,2,1
Fila M/G/1/∞/∞/∞/FCFS,mg1_buffer_infinito_fcfs,base,0,732.0,1,0,1
Fila M/G/1/∞/∞/∞/FCFS,mg1_buffer_infinito_fcfs,base,0,733.0,6,5,1
Fila M/G/1/∞/∞/∞/FCFS,mg1_buffer_infinito_fcfs,base,0,734.0,4,3,1
Fila M/G/1/∞/∞/∞/FCFS,mg1_buffer_infinito_fcfs,base,0,735.0,0,0,0
Fila M/G/1/∞/∞/∞/FCFS,mg1_buffer_infinito_fcfs,base,0,736.0,0,0,0
Fila M/G/1/∞/∞/∞/FCFS,mg1_buffer_infinito_fcfs,base,0,737.0,2,1,1
Fila M/G/1/∞/∞/∞/FCFS,mg1_buffer_infinito_fcfs,base,0,738.0,2,1,1
Fila M/G/1/∞/∞/∞/FCFS,mg1_buffer_infinito_fcfs,base,0,739.0,2,1,1
Fila M/G/1/∞/∞/∞/FCFS,mg1_buffer_infinito_fcfs,base,0,740.0,2,1,1
Fila M/G/1/∞/∞/∞/FCFS,mg1_buffer_infinito_fcfs,base,0,741.0,2,1,1
Fila M/G/1/∞/∞/∞/FCFS,mg1_buffer_infinito_fcfs,base,0,742.0,1,0,1
Fila M/G/1/∞/∞/∞/FCFS,mg1_buffer_infinito_fcfs,base,0,743.0,1,0,1
Fila M/G/1/∞/∞/∞/FCFS,mg1_buffer_infinito_fcfs,base,0,744.0,2,1,1
Fila M/G/1/∞/∞/∞/FCFS,mg1_buffer_infinito_fcfs,base,0,745.0,15,14,1
Fila M/G/1/∞/∞/∞/FCFS,mg1_buffer_infinito_fcfs,base,0,746.0,0,0,0
Fila M/G/1/∞/∞/∞/FCFS,mg1_buffer_infinito_fcfs,base,0,747.0,0,0,0
Fila M/G/1/∞/∞/∞/FCFS,mg1_buffer_infinito_fcfs,base,0,748.0,3,2,1
Fila M/G/1/∞/∞/∞/FCFS,mg1_buffer_infinito_fcfs,base,0,749.0,10,9,1
Fila M/G/1/∞/∞/∞/FCFS,mg1_buffer_infinito_fcfs,base,0,750.0,6,5,1
Fila M/G/1/∞/∞/∞/FCFS,mg1_buffer_infinito_fcfs,base,0,751.0,1,0,1
Fila M/G/1/∞/∞/∞/FCFS,mg1_buffer_infinito_fcfs,base,0,752.0,1,0,1
Fila M/G/1/∞/∞/∞/FCFS,mg1_buffer_infinito_fcfs,base,0,753.0,4,3,1
Fila M/G/1/∞/∞/∞/FCFS,mg1_buffer_infinito_fcfs,base,0,754.0,0,0,0
Fila M/G/1/∞/∞/∞/FCFS,mg1_buffer_infinito_fcfs,base,0,755.0,15,14,1
Fila M/G/1/∞/∞/∞/FCFS,mg1_buffer_infinito_fcfs,base,0,756.0,1,0,1
Fila M/G/1/∞/∞/∞/FCFS,mg1_buffer_infinito_fcfs,base,0,757.0,1,0,1
Fila M/G/1/∞/∞/∞/FCFS,mg1_buffer_infinito_fcfs,base,0,758.0,8,7,1
Fila M/G/1/∞/∞/∞/FCFS,mg1_buffer_infinito_fcfs,base,0,759.0,7,6,1
Fila M/G/1/∞/∞/∞/FCFS,mg1_buffer_infinito_fcfs,base,0,760.0,11,10,1
Fila M/G/1/∞/∞/∞/FCFS,mg1_buffer_infinito_fcfs,base,0,761.0,9,8,1
Fila M/G/1/∞/∞/∞/FCFS,mg1_buffer_infinito_fcfs,base,0,762.0,3,2,1
Fila M/G/1/∞/∞/∞/FCFS,mg1_buffer_infinito_fcfs,base,0,763.0,7,6,1
Fila M/G/1/∞/∞/∞/FCFS,mg1_buffer_infinito_fcfs,base,0,764.0,1,0,1
Fila M/G/1/∞/∞/∞/FCFS,mg1_buffer_infinito_fcfs,base,0,765.0,5,4,1
Fila M/G/1/∞/∞/∞/FCFS,mg1_buffer_infinito_fcfs,base,0,766.0,8,7,1
Fila M/G/1/∞/∞/∞/FCFS,mg1_buffer_infinito_fcfs,base,0,767.0,1,0,1
Fila M/G/1/∞/∞/∞/FCFS,mg1_buffer_infinito_fcfs,base,0,768.0,0,0,0
Fila M/G/1/∞/∞/∞/FCFS,mg1_buffer_infinito_fcfs,base,0,769.0,7,6,1
Fila M/G/1/∞/∞/∞/FCFS,mg1_buffer_infinito_fcfs,base,0,770.0,1,0,1
Fila M/G/1/∞/∞/∞/FCFS,mg1_buffer_infinito_fcfs,base,0,771.0,1,0,1
Fila M/G/1/∞/∞/∞/FCFS,mg1_buffer_infinito_fcfs,base,0,772.0,0,0,0
Fila M/G/1/∞/∞/∞/FCFS,mg1_buffer_infinito_fcfs,base,0,773.0,18,17,1
Fila M/G/1/∞/∞/∞/FCFS,mg1_buffer_infinito_fcfs,base,0,774.0,7,6,1
Fila M/G/1/∞/∞/∞/FCFS,mg1_buffer_infinito_fcfs,base,0,775.0,12,11,1
Fila M/G/1/∞/∞/∞/FCFS,mg1_buffer_infinito_fcfs,base,0,776.0,1,0,1
Fila M/G/1/∞/∞/∞/FCFS,mg1_buffer_infinito_fcfs,base,0,777.0,9,8,1
Fila M/G/1/∞/∞/∞/FCFS,mg1_buffer_infinito_fcfs,base,0,778.0,1,0,1
Fila M/G/1/∞/∞/∞/FCFS,mg1_buffer_infinito_fcfs,base,0,779.0,4,3,1
Fila M/G/1/∞/∞/∞/FCFS,mg1_buffer_infinito_fcfs,base,0,780.0,17,16,1
Fila M/G/1/∞/∞/∞/FCFS,mg1_buffer_infinito_fcfs,base,0,781.0,0,0,0
Fila M/G/1/∞/∞/∞/FCFS,mg1_buffer_infinito_fcfs,base,0,782.0,1,0,1
Fila M/G/1/∞/∞/∞/FCFS,mg1_buffer_infinito_fcfs,base,0,783.0,0,0,0
Fila M/G/1/∞/∞/∞/FCFS,mg1_buffer_infinito_fcfs,base,0,784.0,1,0,1
Fila M/G/1/∞/∞/∞/FCFS,mg1_buffer_infinito_fcfs,base,0,785.0,3,2,1
Fila M/G/1/∞/∞/∞/FCFS,mg1_buffer_infinito_fcfs,base,0,786.0,0,0,0
Fila M/G/1/∞/∞/∞/FCFS,mg1_buffer_infinito_fcfs,base,0,787.0,6,5,1
Fila M/G/1/∞/∞/∞/FCFS,mg1_buffer_infinito_fcfs,base,0,788.0,4,3,1
Fila M/G/1/∞/∞/∞/FCFS,mg1_buffer_infinito_fcfs,base,0,789.0,1,0,1
Fila M/G/1/∞/∞/∞/FCFS,mg1_buffer_infinito_fcfs,base,0,790.0,2,1,1
Fila M/G/1/∞/∞/∞/FCFS,mg1_buffer_infinito_fcfs,base,0,791.0,5,4,1
Fila M/G/1/∞/∞/∞/FCFS,mg1_buffer_infinito_fcfs,base,0,792.0,5,4,1
Fila M/G/1/∞/∞/∞/FCFS,mg1_buffer_infinito_fcfs,base,0,793.0,12,11,1
Fila M/G/1/∞/∞/∞/FCFS,mg1_buffer_infinito_fcfs,base,0,794.0,1,0,1
Fila M/G/1/∞/∞/∞/FCFS,mg1_buffer_infinito_fcfs,base,0,795.0,1,0,1
Fila M/G/1/∞/∞/∞/FCFS,mg1_buffer_infinito_fcfs,base,0,796.0,2,1,1
Fila M/G/1/∞/∞/∞/FCFS,mg1_buffer_infinito_fcfs,base,0,797.0,0,0,0
Fila M/G/1/∞/∞/∞/FCFS,mg1_buffer_infinito_fcfs,base,0,798.0,1,0,1
Fila M/G/1/∞/∞/∞/FCFS,mg1_buffer_infinito_fcfs,base,0,799.0,4,3,1
Fila M/G/1/∞/∞/∞/FCFS,mg1_buffer_infinito_fcfs,base,0,800.0,6,5,1
Fila M/G/1/∞/∞/∞/FCFS,mg1_buffer_infinito_fcfs,base,0,801.0,1,0,1
Fila M/G/1/∞/∞/∞/FCFS,mg1_buffer_infinito_fcfs,base,0,802.0,1,0,1
Fila M/G/1/∞/∞/∞/FCFS,mg1_buffer_infinito_fcfs,base,0,803.0,10,9,1
Fila M/G/1/∞/∞/∞/FCFS,mg1_buffer_infinito_fcfs,base,0,804.0,3,2,1
Fila M/G/1/∞/∞/∞/FCFS,mg1_buffer_infinito_fcfs,base,0,805.0,8,7,1
Fila M/G/1/∞/∞/∞/FCFS,mg1_buffer_infinito_fcfs,base,0,806.0,1,0,1
Fila M/G/1/∞/∞/∞/FCFS,mg1_buffer_infinito_fcfs,base,0,807.0,1,0,1
Fila M/G/1/∞/∞/∞/FCFS,mg1_buffer_infinito_fcfs,base,0,808.0,4,3,1
Fila M/G/1/∞/∞/∞/FCFS,mg1_buffer_infinito_fcfs,base,0,809.0,2,1,1
Fila M/G/1/∞/∞/∞/FCFS,mg1_buffer_infinito_fcfs,base,0,810.0,5,4,1
Fila M/G/1/∞/∞/∞/FCFS,mg1_buffer_infinito_fcfs,base,0,811.0,2,1,1
Fila M/G/1/∞/∞/∞/FCFS,mg1_buffer_infinito_fcfs,base,0,812.0,3,2,1
Fila M/G/1/∞/∞/∞/FCFS,mg1_buffer_infinito_fcfs,base,0,813.0,0,0,0
Fila M/G/1/∞/∞/∞/FCFS,mg1_buffer_infinito_fcfs,base,0,814.0,18,17,1
Fila M/G/1/∞/∞/∞/FCFS,mg1_buffer_infinito_fcfs,base,0,815.0,8,7,1
Fila M/G/1/∞/∞/∞/FCFS,mg1_buffer_infinito_fcfs,base,0,816.0,2,1,1
Fila M/G/1/∞/∞/∞/FCFS,mg1_buffer_infinito_fcfs,base,0,817.0,0,0,0
Fila M/G/1/∞/∞/∞/FCFS,mg1_buffer_infinito_fcfs,base,0,818.0,4,3,1
Fila M/G/1/∞/∞/∞/FCFS,mg1_buffer_infinito_fcfs,base,0,819.0,4,3,1
Fila M/G/1/∞/∞/∞/FCFS,mg1_buffer_infinito_fcfs,base,0,820.0,1,0,1
Fila M/G/1/∞/∞/∞/FCFS,mg1_buffer_infinito_fcfs,base,0,821.0,3,2,1
Fila M/G/1/∞/∞/∞/FCFS,mg1_buffer_infinito_fcfs,base,0,822.0,7,6,1
Fila M/G/1/∞/∞/∞/FCFS,mg1_buffer_infinito_fcfs,base,0,823.0,0,0,0
Fila M/G/1/∞/∞/∞/FCFS,mg1_buffer_infinito_fcfs,base,0,824.0,13,12,1
Fila M/G/1/∞/∞/∞/FCFS,mg1_buffer_infinito_fcfs,base,0,825.0,10,9,1
Fila M/G/1/∞/∞/∞/FCFS,mg1_buffer_infinito_fcfs,base,0,826.0,4,3,1
Fila M/G/1/∞/∞/∞/FCFS,mg1_buffer_infinito_fcfs,base,0,827.0,0,0,0
Fila M/G/1/∞/∞/∞/FCFS,mg1_buffer_infinito_fcfs,base,0,828.0,1,0,1
Fila M/G/1/∞/∞/∞/FCFS,mg1_buffer_infinito_fcfs,base,0,829.0,1,0,1
Fila M/G/1/∞/∞/∞/FCFS,mg1_buffer_infinito_fcfs,base,0,830.0,2,1,1
Fila M/G/1/∞/∞/∞/FCFS,mg1_buffer_infinito_fcfs,base,0,831.0,6,5,1
Fila M/G/1/∞/∞/∞/FCFS,mg1_buffer_infinito_fcfs,base,0,832.0,7,6,1
Fila M/G/1/∞/∞/∞/FCFS,mg1_buffer_infinito_fcfs,base,0,833.0,0,0,0
Fila M/G/1/∞/∞/∞/FCFS,mg1_buffer_infinito_fcfs,base,0,834.0,10,9,1
Fila M/G/1/∞/∞/∞/FCFS,mg1_buffer_infinito_fcfs,base,0,835.0,0,0,0
Fila M/G/1/∞/∞/∞/FCFS,mg1_buffer_infinito_fcfs,base,0,836.0,2,1,1
Fila M/G/1/∞/∞/∞/FCFS,mg1_buffer_infinito_fcfs,base,0,837.0,3,2,1
Fila M/G/1/∞/∞/∞/FCFS,mg1_buffer_infinito_fcfs,base,0,838.0,0,0,0
Fila M/G/1/∞/∞/∞/FCFS,mg1_buffer_infinito_fcfs,base,0,839.0,7,6,1
Fila M/G/1/∞/∞/∞/FCFS,mg1_buffer_infinito_fcfs,base,0,840.0,3,2,1
Fila M/G/1/∞/∞/∞/FCFS,mg1_buffer_infinito_fcfs,base,0,841.0,7,6,1
Fila M/G/1/∞/∞/∞/FCFS,mg1_buffer_infinito_fcfs,base,0,842.0,10,9,1
Fila M/G/1/∞/∞/∞/FCFS,mg1_buffer_infinito_fcfs,base,0,843.0,2,1,1
Fila M/G/1/∞/∞/∞/FCFS,mg1_buffer_infinito_fcfs,base,0,844.0,2,1,1
Fila M/G/1/∞/∞/∞/FCFS,mg1_buffer_infinito_fcfs,base,0,845.0,1,0,1
Fila M/G/1/∞/∞/∞/FCFS,mg1_buffer_infinito_fcfs,base,0,846.0,0,0,0
Fila M/G/1/∞/∞/∞/FCFS,mg1_buffer_infinito_fcfs,base,0,847.0,6,5,1
Fila M/G/1/∞/∞/∞/FCFS,mg1_buffer_infinito_fcfs,base,0,848.0,1,0,1
Fila M/G/1/∞/∞/∞/FCFS,mg1_buffer_infinito_fcfs,base,0,849.0,8,7,1
Fila M/G/1/∞/∞/∞/FCFS,mg1_buffer_infinito_fcfs,base,0,850.0,0,0,0
Fila M/G/1/∞/∞/∞/FCFS,mg1_buffer_infinito_fcfs,base,0,851.0,10,9,1
Fila M/G/1/∞/∞/∞/FCFS,mg1_buffer_infinito_fcfs,base,0,852.0,2,1,1
Fila M/G/1/∞/∞/∞/FCFS,mg1_buffer_infinito_fcfs,base,0,853.0,4,3,1
Fila M/G/1/∞/∞/∞/FCFS,mg1_buffer_infinito_fcfs,base,0,854.0,3,2,1
Fila M/G/1/∞/∞/∞/FCFS,mg1_buffer_infinito_fcfs,base,0,855.0,4,3,1
Fila M/G/1/∞/∞/∞/FCFS,mg1_buffer_infinito_fcfs,base,0,856.0,1,0,1
Fila M/G/1/∞/∞/∞/FCFS,mg1_buffer_infinito_fcfs,base,0,857.0,17,16,1
Fila M/G/1/∞/∞/∞/FCFS,mg1_buffer_infinito_fcfs,base,0,858.0,1,0,1
Fila M/G/1/∞/∞/∞/FCFS,mg1_buffer_infinito_fcfs,base,0,859.0,0,0,0
Fila M/G/1/∞/∞/∞/FCFS,mg1_buffer_infinito_fcfs,base,0,860.0,1,0,1
Fila M/G/1/∞/∞/∞/FCFS,mg1_buffer_infinito_fcfs,base,0,861.0,14,13,1
Fila M/G/1/∞/∞/∞/FCFS,mg1_buffer_infinito_fcfs,base,0,862.0,7,6,1
Fila M/G/1/∞/∞/∞/FCFS,mg1_buffer_infinito_fcfs,base,0,863.0,4,3,1
Fila M/G/1/∞/∞/∞/FCFS,mg1_buffer_infinito_fcfs,base,0,864.0,3,2,1
Fila M/G/1/∞/∞/∞/FCFS,mg1_buffer_infinito_fcfs,base,0,865.0,0,0,0
Fila M/G/1/∞/∞/∞/FCFS,mg1_buffer_infinito_fcfs,base,0,866.0,0,0,0
Fila M/G/1/∞/∞/∞/FCFS,mg1_buffer_infinito_fcfs,base,0,867.0,4,3,1
Fila M/G/1/∞/∞/∞/FCFS,mg1_buffer_infinito_fcfs,base,0,868.0,0,0,0
Fila M/G/1/∞/∞/∞/FCFS,mg1_buffer_infinito_fcfs,base,0,869.0,7,6,1
Fila M/G/1/∞/∞/∞/FCFS,mg1_buffer_infinito_fcfs,base,0,870.0,2,1,1
Fila M/G/1/∞/∞/∞/FCFS,mg1_buffer_infinito_fcfs,base,0,871.0,11,10,1
Fila M/G/1/∞/∞/∞/FCFS,mg1_buffer_infinito_fcfs,base,0,872.0,24,23,1
Fila M/G/1/∞/∞/∞/FCFS,mg1_buffer_infinito_fcfs,base,0,873.0,6,5,1
Fila M/G/1/∞/∞/∞/FCFS,mg1_buffer_infinito_fcfs,base,0,874.0,5,4,1
Fila M/G/1/∞/∞/∞/FCFS,mg1_buffer_infinito_fcfs,base,0,875.0,6,5,1
Fila M/G/1/∞/∞/∞/FCFS,mg1_buffer_infinito_fcfs,base,0,876.0,2,1,1
Fila M/G/1/∞/∞/∞/FCFS,mg1_buffer_infinito_fcfs,base,0,877.0,3,2,1
Fila M/G/1/∞/∞/∞/FCFS,mg1_buffer_infinito_fcfs,base,0,878.0,6,5,1
Fila M/G/1/∞/∞/∞/FCFS,mg1_buffer_infinito_fcfs,base,0,879.0,3,2,1
Fila M/G/1/∞/∞/∞/FCFS,mg1_buffer_infinito_fcfs,base,0,880.0,6,5,1
Fila M/G/1/∞/∞/∞/FCFS,mg1_buffer_infinito_fcfs,base,0,881.0,3,2,1
Fila M/G/1/∞/∞/∞/FCFS,mg1_buffer_infinito_fcfs,base,0,882.0,7,6,1
Fila M/G/1/∞/∞/∞/FCFS,mg1_buffer_infinito_fcfs,base,0,883.0,2,1,1
Fila M/G/1/∞/∞/∞/FCFS,mg1_buffer_infinito_fcfs,base,0,884.0,1,0,1
Fila M/G/1/∞/∞/∞/FCFS,mg1_buffer_infinito_fcfs,base,0,885.0,0,0,0
Fila M/G/1/∞/∞/∞/FCFS,mg1_buffer_infinito_fcfs,base,0,886.0,1,0,1
Fila M/G/1/∞/∞/∞/FCFS,mg1_buffer_infinito_fcfs,base,0,887.0,4,3,1
Fila M/G/1/∞/∞/∞/FCFS,mg1_buffer_infinito_fcfs,base,0,888.0,6,5,1
Fila M/G/1/∞/∞/∞/FCFS,mg1_buffer_infinito_fcfs,base,0,889.0,2,1,1
Fila M/G/1/∞/∞/∞/FCFS,mg1_buffer_infinito_fcfs,base,0,890.0,2,1,1
Fila M/G/1/∞/∞/∞/FCFS,mg1_buffer_infinito_fcfs,base,0,891.0,12,11,1
Fila M/G/1/∞/∞/∞/FCFS,mg1_buffer_infinito_fcfs,base,0,892.0,16,15,1
Fila M/G/1/∞/∞/∞/FCFS,mg1_buffer_infinito_fcfs,base,0,893.0,2,1,1
Fila M/G/1/∞/∞/∞/FCFS,mg1_buffer_infinito_fcfs,base,0,894.0,1,0,1
Fila M/G/1/∞/∞/∞/FCFS,mg1_buffer_infinito_fcfs,base,0,895.0,5,4,1
Fila M/G/1/∞/∞/∞/FCFS,mg1_buffer_infinito_fcfs,base,0,896.0,0,0,0
Fila M/G/1/∞/∞/∞/FCFS,mg1_buffer_infinito_fcfs,base,0,897.0,4,3,1
Fila M/G/1/∞/∞/∞/FCFS,mg1_buffer_infinito_fcfs,base,0,898.0,1,0,1
Fila M/G/1/∞/∞/∞/FCFS,mg1_buffer_infinito_fcfs,base,0,899.0,8,7,1
Fila M/G/1/∞/∞/∞/FCFS,mg1_buffer_infinito_fcfs,base,0,900.0,6,5,1
Fila M/G/1/∞/∞/∞/FCFS,mg1_buffer_infinito_fcfs,base,0,901.0,2,1,1
Fila M/G/1/∞/∞/∞/FCFS,mg1_buffer_infinito_fcfs,base,0,902.0,3,2,1
Fila M/G/1/∞/∞/∞/FCFS,mg1_buffer_infinito_fcfs,base,0,903.0,6,5,1
Fila M/G/1/∞/∞/∞/FCFS,mg1_buffer_infinito_fcfs,base,0,904.0,4,3,1
Fila M/G/1/∞/∞/∞/FCFS,mg1_buffer_infinito_fcfs,base,0,905.0,0,0,0
Fila M/G/1/∞/∞/∞/FCFS,mg1_buffer_infinito_fcfs,base,0,906.0,2,1,1
Fila M/G/1/∞/∞/∞/FCFS,mg1_buffer_infinito_fcfs,base,0,907.0,1,0,1
Fila M/G/1/∞/∞/∞/FCFS,mg1_buffer_infinito_fcfs,base,0,908.0,8,7,1
Fila M/G/1/∞/∞/∞/FCFS,mg1_buffer_infinito_fcfs,base,0,909.0,1,0,1
Fila M/G/1/∞/∞/∞/FCFS,mg1_buffer_infinito_fcfs,base,0,910.0,4,3,1
Fila M/G/1/∞/∞/∞/FCFS,mg1_buffer_infinito_fcfs,base,0,911.0,0,0,0
Fila M/G/1/∞/∞/∞/FCFS,mg1_buffer_infinito_fcfs,base,0,912.0,0,0,0
Fila M/G/1/∞/∞/∞/FCFS,mg1_buffer_infinito_fcfs,base,0,913.0,0,0,0
Fila M/G/1/∞/∞/∞/FCFS,mg1_buffer_infinito_fcfs,base,0,914.0,3,2,1
Fila M/G/1/∞/∞/∞/FCFS,mg1_buffer_infinito_fcfs,base,0,915.0,8,7,1
Fila M/G/1/∞/∞/∞/FCFS,mg1_buffer_infinito_fcfs,base,0,916.0,0,0,0
Fila M/G/1/∞/∞/∞/FCFS,mg1_buffer_infinito_fcfs,base,0,917.0,1,0,1
Fila M/G/1/∞/∞/∞/FCFS,mg1_buffer_infinito_fcfs,base,0,918.0,4,3,1
Fila M/G/1/∞/∞/∞/FCFS,mg1_buffer_infinito_fcfs,base,0,919.0,2,1,1
Fila M/G/1/∞/∞/∞/FCFS,mg1_buffer_infinito_fcfs,base,0,920.0,1,0,1
Fila M/G/1/∞/∞/∞/FCFS,mg1_buffer_infinito_fcfs,base,0,921.0,3,2,1
Fila M/G/1/∞/∞/∞/FCFS,mg1_buffer_infinito_fcfs,base,0,922.0,8,7,1
Fila M/G/1/∞/∞/∞/FCFS,mg1_buffer_infinito_fcfs,base,0,923.0,10,9,1
Fila M/G/1/∞/∞/∞/FCFS,mg1_buffer_infinito_fcfs,base,0,924.0,1,0,1
Fila M/G/1/∞/∞/∞/FCFS,mg1_buffer_infinito_fcfs,base,0,925.0,11,10,1
Fila M/G/1/∞/∞/∞/FCFS,mg1_buffer_infinito_fcfs,base,0,926.0,8,7,1
Fila M/G/1/∞/∞/∞/FCFS,mg1_buffer_infinito_fcfs,base,0,927.0,0,0,0
Fila M/G/1/∞/∞/∞/FCFS,mg1_buffer_infinito_fcfs,base,0,928.0,1,0,1
Fila M/G/1/∞/∞/∞/FCFS,mg1_buffer_infinito_fcfs,base,0,929.0,6,5,1
Fila M/G/1/∞/∞/∞/FCFS,mg1_buffer_infinito_fcfs,base,0,930.0,4,3,1
Fila M/G/1/∞/∞/∞/FCFS,mg1_buffer_infinito_fcfs,base,0,931.0,11,10,1
Fila M/G/1/∞/∞/∞/FCFS,mg1_buffer_infinito_fcfs,base,0,932.0,6,5,1
Fila M/G/1/∞/∞/∞/FCFS,mg1_buffer_infinito_fcfs,base,0,933.0,16,15,1
Fila M/G/1/∞/∞/∞/FCFS,mg1_buffer_infinito_fcfs,base,0,934.0,0,0,0
Fila M/G/1/∞/∞/∞/FCFS,mg1_buffer_infinito_fcfs,base,0,935.0,4,3,1
Fila M/G/1/∞/∞/∞/FCFS,mg1_buffer_infinito_fcfs,base,0,936.0,2,1,1
Fila M/G/1/∞/∞/∞/FCFS,mg1_buffer_infinito_fcfs,base,0,937.0,3,2,1
Fila M/G/1/∞/∞/∞/FCFS,mg1_buffer_infinito_fcfs,base,0,938.0,5,4,1
Fila M/G/1/∞/∞/∞/FCFS,mg1_buffer_infinito_fcfs,base,0,939.0,6,5,1
Fila M/G/1/∞/∞/∞/FCFS,mg1_buffer_infinito_fcfs,base,0,940.0,7,6,1
Fila M/G/1/∞/∞/∞/FCFS,mg1_buffer_infinito_fcfs,base,0,941.0,1,0,1
Fila M/G/1/∞/∞/∞/FCFS,mg1_buffer_infinito_fcfs,base,0,942.0,1,0,1
Fila M/G/1/∞/∞/∞/FCFS,mg1_buffer_infinito_fcfs,base,0,943.0,0,0,0
Fila M/G/1/∞/∞/∞/FCFS,mg1_buffer_infinito_fcfs,base,0,944.0,0,0,0
Fila M/G/1/∞/∞/∞/FCFS,mg1_buffer_infinito_fcfs,base,0,945.0,1,0,1
Fila M/G/1/∞/∞/∞/FCFS,mg1_buffer_infinito_fcfs,base,0,946.0,1,0,1
Fila M/G/1/∞/∞/∞/FCFS,mg1_buffer_infinito_fcfs,base,0,947.0,0,0,0
Fila M/G/1/∞/∞/∞/FCFS,mg1_buffer_infinito_fcfs,base,0,948.0,3,2,1
Fila M/G/1/∞/∞/∞/FCFS,mg1_buffer_infinito_fcfs,base,0,949.0,1,0,1
Fila M/G/1/∞/∞/∞/FCFS,mg1_buffer_infinito_fcfs,base,0,950.0,2,1,1
Fila M/G/1/∞/∞/∞/FCFS,mg1_buffer_infinito_fcfs,base,0,951.0,2,1,1
Fila M/G/1/∞/∞/∞/FCFS,mg1_buffer_infinito_fcfs,base,0,952.0,0,0,0
Fila M/G/1/∞/∞/∞/FCFS,mg1_buffer_infinito_fcfs,base,0,953.0,1,0,1
Fila M/G/1/∞/∞/∞/FCFS,mg1_buffer_infinito_fcfs,base,0,954.0,8,7,1
Fila M/G/1/∞/∞/∞/FCFS,mg1_buffer_infinito_fcfs,base,0,955.0,0,0,0
Fila M/G/1/∞/∞/∞/FCFS,mg1_buffer_infinito_fcfs,base,0,956.0,7,6,1
Fila M/G/1/∞/∞/∞/FCFS,mg1_buffer_infinito_fcfs,base,0,957.0,0,0,0
Fila M/G/1/∞/∞/∞/FCFS,mg1_buffer_infinito_fcfs,base,0,958.0,0,0,0
Fila M/G/1/∞/∞/∞/FCFS,mg1_buffer_infinito_fcfs,base,0,959.0,0,0,0
Fila M/G/1/∞/∞/∞/FCFS,mg1_buffer_infinito_fcfs,base,0,960.0,2,1,1
Fila M/G/1/∞/∞/∞/FCFS,mg1_buffer_infinito_fcfs,base,0,961.0,1,0,1
Fila M/G/1/∞/∞/∞/FCFS,mg1_buffer_infinito_fcfs,base,0,962.0,0,0,0
Fila M/G/1/∞/∞/∞/FCFS,mg1_buffer_infinito_fcfs,base,0,963.0,5,4,1
Fila M/G/1/∞/∞/∞/FCFS,mg1_buffer_infinito_fcfs,base,0,964.0,14,13,1
Fila M/G/1/∞/∞/∞/FCFS,mg1_buffer_infinito_fcfs,base,0,965.0,4,3,1
Fila M/G/1/∞/∞/∞/FCFS,mg1_buffer_infinito_fcfs,base,0,966.0,1,0,1
Fila M/G/1/∞/∞/∞/FCFS,mg1_buffer_infinito_fcfs,base,0,967.0,1,0,1
Fila M/G/1/∞/∞/∞/FCFS,mg1_buffer_infinito_fcfs,base,0,968.0,8,7,1
Fila M/G/1/∞/∞/∞/FCFS,mg1_buffer_infinito_fcfs,base,0,969.0,2,1,1
Fila M/G/1/∞/∞/∞/FCFS,mg1_buffer_infinito_fcfs,base,0,970.0,2,1,1
Fila M/G/1/∞/∞/∞/FCFS,mg1_buffer_infinito_fcfs,base,0,971.0,0,0,0
Fila M/G/1/∞/∞/∞/FCFS,mg1_buffer_infinito_fcfs,base,0,972.0,4,3,1
Fila M/G/1/∞/∞/∞/FCFS,mg1_buffer_infinito_fcfs,base,0,973.0,0,0,0
Fila M/G/1/∞/∞/∞/FCFS,mg1_buffer_infinito_fcfs,base,0,974.0,0,0,0
Fila M/G/1/∞/∞/∞/FCFS,mg1_buffer_infinito_fcfs,base,0,975.0,1,0,1
Fila M/G/1/∞/∞/∞/FCFS,mg1_buffer_infinito_fcfs,base,0,976.0,5,4,1
Fila M/G/1/∞/∞/∞/FCFS,mg1_buffer_infinito_fcfs,base,0,977.0,16,15,1
Fila M/G/1/∞/∞/∞/FCFS,mg1_buffer_infinito_fcfs,base,0,978.0,6,5,1
Fila M/G/1/∞/∞/∞/FCFS,mg1_buffer_infinito_fcfs,base,0,979.0,6,5,1
Fila M/G/1/∞/∞/∞/FCFS,mg1_buffer_infinito_fcfs,base,0,980.0,2,1,1
Fila M/G/1/∞/∞/∞/FCFS,mg1_buffer_infinito_fcfs,base,0,981.0,1,0,1
Fila M/G/1/∞/∞/∞/FCFS,mg1_buffer_infinito_fcfs,base,0,982.0,1,0,1
Fila M/G/1/∞/∞/∞/FCFS,mg1_buffer_infinito_fcfs,base,0,983.0,9,8,1
Fila M/G/1/∞/∞/∞/FCFS,mg1_buffer_infinito_fcfs,base,0,984.0,1,0,1
Fila M/G/1/∞/∞/∞/FCFS,mg1_buffer_infinito_fcfs,base,0,985.0,2,1,1
Fila M/G/1/∞/∞/∞/FCFS,mg1_buffer_infinito_fcfs,base,0,986.0,3,2,1
Fila M/G/1/∞/∞/∞/FCFS,mg1_buffer_infinito_fcfs,base,0,987.0,2,1,1
Fila M/G/1/∞/∞/∞/FCFS,mg1_buffer_infinito_fcfs,base,0,988.0,10,9,1
Fila M/G/1/∞/∞/∞/FCFS,mg1_buffer_infinito_fcfs,base,0,989.0,2,1,1
Fila M/G/1/∞/∞/∞/FCFS,mg1_buffer_infinito_fcfs,base,0,990.0,0,0,0
Fila M/G/1/∞/∞/∞/FCFS,mg1_buffer_infinito_fcfs,base,0,991.0,2,1,1
Fila M/G/1/∞/∞/∞/FCFS,mg1_buffer_infinito_fcfs,base,0,992.0,3,2,1
Fila M/G/1/∞/∞/∞/FCFS,mg1_buffer_infinito_fcfs,base,0,993.0,1,0,1
Fila M/G/1/∞/∞/∞/FCFS,mg1_buffer_infinito_fcfs,base,0,994.0,8,7,1
Fila M/G/1/∞/∞/∞/FCFS,mg1_buffer_infinito_fcfs,base,0,995.0,1,0,1
Fila M/G/1/∞/∞/∞/FCFS,mg1_buffer_infinito_fcfs,base,0,996.0,0,0,0
Fila M/G/1/∞/∞/∞/FCFS,mg1_buffer_infinito_fcfs,base,0,997.0,11,10,1
Fila M/G/1/∞/∞/∞/FCFS,mg1_buffer_infinito_fcfs,base,0,998.0,4,3,1
Fila M/G/1/∞/∞/∞/FCFS,mg1_buffer_infinito_fcfs,base,0,999.0,6,5,1
Fila M/G/1/∞/∞/∞/FCFS,mg1_buffer_infinito_fcfs,base,0,1000.0,0,0,0
